Date,Description,Payments,label,,,,
09/12/2022,POS-Transaction Airtel Shop,-54220.05,AIRTIME,,,,
21/04/2022,POS-Transaction Debonairs Pizza,-25464.8,EATING OUT,,,,
17/12/2020,POS-Transaction Glovo GLOVO PRIM FT241575KWF0,-63043.74,SHOPPING,,,,"""Rent"", ""Utilities"", ""Transaction Fees"", ""Transportation"", ""EATING OUT Out"", ""Entertainment"", ""Shopping"","
10/10/2022,Account To MPESA 254725654043,-37590.33,MPESA TRANSFERS,,,,"          ""Loan Payments"", ""Savings/Investments"", ""Travel"", ""Airtime"", ""HEALTHCARECare"", ""ATM Withdrawal"","
11/10/2022,Rent Payment 5678 Houston TX Card xx2124,,RENT,,,,
05/02/2021,POS-Transaction ASMARA ENT KAREN FT24171LT469,-42673.08,EATING OUT,,,,"  ""Mpesa Transfers"""
26/12/2022,MPESA to Account 254725654043 FT24138WZN08,-41009.86,MPESA TRANSFERS,,,,
27/06/2021,POS-Transaction Artcaffe,-26783.9,EATING OUT,,,,
27/08/2022,POS-Transaction Shell Petrol Station,-62019.7,TRANSPORTATION,,,,
17/06/2020,Loan Repayment  FT24152GVCQ7,-6779.67,LOAN PAYMENTS,,,,
24/02/2021,POS-Transaction Cafe Deli,-65141.8,EATING OUT,,,,
06/10/2022,POS-Transaction Nairobi Hospital,-36965.54,HEALTHCARE,,,,
20/10/2022,POS-Transaction Spotify Stockhol FT24155TZ3WY,-24237.97,Entertainment,,,,
06/09/2020,POS-Transaction Big Square,-48059.42,EATING OUT,,,,
15/05/2022,Inward Clg EFT  FT24152P7SHF,,DEPOSIT,,,,
18/02/2021,Pesalink Transaction 0100009083663-11 FT24158WQ13M,-56255.63,TRANSACTION FEES,,,,
05/11/2022,POS-Transaction Goodlife Pharmacy,-17438.27,HEALTHCARE,,,,
15/07/2022,POS-Transaction Chicken Inn,-63577.77,EATING OUT,,,,
20/09/2022,POS-Transaction Cafe Deli,-2485.48,EATING OUT,,,,
13/10/2022,POS-Transaction Uchumi Supermarket,-69390.5,SHOPPING,,,,
07/10/2022,POS-Transaction Chicken Inn,-67004.62,EATING OUT,,,,
11/10/2022,Rent Payment 5678 Houston TX Card xx2124,,RENT,,,,
27/05/2022,POS-Transaction Artcaffe,-13164.02,EATING OUT,,,,
17/09/2020,POS-Transaction TOTAL S S NAIROB FT24130HKXZH,-40248.62,TRANSPORTATION,,,,
03/06/2021,POS-Transaction Planet Yogurt,-29963.79,EATING OUT,,,,
15/05/2022,POS-Transaction Jumia Kenya,-59342.15,SHOPPING,,,,
15/06/2022,POS-Transaction Creamy Inn,-6842.7,EATING OUT,,,,
21/02/2022,POS-Transaction Shell Petrol Station,-67191.13,TRANSPORTATION,,,,
09/04/2020,POS-Transaction Text Book Centre,-63640.95,Entertainment,,,,
28/01/2020,POS-Transaction Java House,-49511.99,EATING OUT,,,,
04/09/2020,POS-Transaction ASMARA ENT KAREN FT24171LT469,-28484.82,EATING OUT,,,,
22/09/2021,POS-Transaction Safaricom Shop,-69309.38,AIRTIME,,,,
30/11/2022,POS-Transaction Nairobi Hospital,-39449.74,HEALTHCARE,,,,
07/12/2020,POS-Transaction Cold Stone Creamery,-59345.79,EATING OUT,,,,
05/08/2022,POS-Transaction Cold Stone Creamery,-36143.85,EATING OUT,,,,
15/10/2021,POS-Transaction Steers Kenya,-29430.46,EATING OUT,,,,
25/03/2021,POS-Transaction Woolworths Kenya,-29952.73,SHOPPING,,,,
22/08/2021,POS-Transaction Little Cab,-59041.59,TRANSPORTATION,,,,
15/03/2020,POS-Transaction Masoko Kenya,-37257.31,SHOPPING,,,,
13/05/2020,POS-Transaction Big Square,-44564.8,EATING OUT,,,,
14/11/2022,Loan Repayment  FT24152GVCQ7,-49151.94,LOAN PAYMENTS,,,,
31/08/2021,POS-Transaction Tuskys Supermarket,-12464.85,SHOPPING,,,,
19/12/2021,POS-Transaction Chandarana Foodplus,-48822.3,SHOPPING,,,,
20/11/2020,POS-Transaction Dormans Coffee,-58004.16,EATING OUT,,,,
12/12/2021,POS-Transaction Chandarana Foodplus,-57696.49,SHOPPING,,,,
17/03/2020,POS-Transaction Uchumi Supermarket,-64143.07,SHOPPING,,,,
18/06/2020,POS-Transaction Airtel Shop,-11721.93,AIRTIME,,,,
26/09/2021,POS-Transaction Tuskys Supermarket,-16347.58,SHOPPING,,,,
22/11/2021,POS-Transaction Netflix com Los  FT241567BP49,-25624.84,Entertainment,,,,
15/01/2020,POS-Transaction Planet Yogurt,-57909.25,EATING OUT,,,,
25/05/2021,Pesalink Transaction 0100009083663-11 FT24158WQ13M,-20600.95,TRANSACTION FEES,,,,
11/05/2020,POS-Transaction A MEDIUM CORPORA FT24171FWXN9,-7424.95,Entertainment,,,,
01/02/2022,POS-Transaction KFC Kenya,-31250.92,EATING OUT,,,,
22/03/2020,POS-Transaction Bata Kenya,-20954.05,SHOPPING,,,,
01/10/2021,POS-Transaction NAIVAS KINGARA R FT2416723D1N,-21216.96,SHOPPING,,,,
12/05/2021,POS-Transaction Artcaffe,-8925.76,EATING OUT,,,,
21/08/2020,POS-Transaction Big Square,-19731.92,EATING OUT,,,,
24/08/2021,POS-Transaction Spotify Stockhol FT24155TZ3WY,-51438.96,Entertainment,,,,
05/09/2021,POS-Transaction Spotify Stockhol FT24155TZ3WY,-64334.22,Entertainment,,,,
29/12/2021,POS-Transaction Masoko Kenya,-55981.85,SHOPPING,,,,
28/04/2020,Loan Repayment  FT24152GVCQ7,-16850.32,LOAN PAYMENTS,,,,
17/12/2021,POS-Transaction Cafe Deli,-44726.95,EATING OUT,,,,
23/10/2022,POS-Transaction Big Square,-58779.54,EATING OUT,,,,
13/09/2021,POS-Transaction Planet Yogurt,-44407.37,EATING OUT,,,,
21/03/2022,POS-Transaction Cold Stone Creamery,-2645.34,EATING OUT,,,,
20/02/2020,POS-Transaction Java House,-15423.03,EATING OUT,,,,
20/09/2021,Pesalink Transaction 0100009083663-11 FT24158WQ13M,-21003.67,TRANSACTION FEES,,,,
12/07/2020,POS-Transaction Debonairs Pizza,-18294.89,EATING OUT,,,,
12/01/2020,POS-Transaction Glovo GLOVO PRIM FT241575KWF0,-60583.9,SHOPPING,,,,
09/09/2022,POS-Transaction Creamy Inn,-11323.58,EATING OUT,,,,
18/08/2021,POS-Transaction Carrefour Kenya,-46674.92,SHOPPING,,,,
27/11/2020,POS-Transaction Woolworths Kenya,-55122.24,SHOPPING,,,,
20/09/2022,POS-Transaction Uchumi Supermarket,-14083.75,SHOPPING,,,,
30/01/2022,POS-Transaction Chandarana Foodplus,-63814.07,SHOPPING,,,,
05/10/2021,POS-Transaction Glovo GLOVO PRIM FT241575KWF0,-638.91,SHOPPING,,,,
02/01/2020,POS-Transaction Big Square,-32196.5,EATING OUT,,,,
07/02/2020,POS-Transaction Pizza Inn,-47414.86,EATING OUT,,,,
11/05/2022,POS-Transaction Chandarana Foodplus,-12906.32,SHOPPING,,,,
10/08/2022,POS-Transaction Text Book Centre,-35975.12,Entertainment,,,,
27/02/2021,POS-Transaction Debonairs Pizza,-7232.25,EATING OUT,,,,
05/08/2022,POS-Transaction Dormans Coffee,-54069.5,EATING OUT,,,,
05/02/2022,POS-Transaction Safaricom Shop,-30933.37,AIRTIME,,,,
10/05/2022,Account To MPESA 254725654043,-29365.91,MPESA TRANSFERS,,,,
25/04/2020,MPESA to Account 254725654043 FT24138WZN08,-8782.97,MPESA TRANSFERS,,,,
25/12/2022,POS-Transaction Bolt Kenya,-2167.16,TRANSPORTATION,,,,
28/05/2020,POS-Transaction Debonairs Pizza,-25585.1,EATING OUT,,,,
28/12/2021,POS-Transaction NAIVAS KINGARA R FT2416723D1N,-42074.76,SHOPPING,,,,
21/04/2020,POS-Transaction Airtel Shop,-10771.91,AIRTIME,,,,
23/09/2021,POS-Transaction Chicken Inn,-2876.97,EATING OUT,,,,
01/01/2023,POS-Transaction Shell Petrol Station,-6182.8,TRANSPORTATION,,,,
11/06/2022,POS-Transaction Glovo GLOVO PRIM FT241575KWF0,-27188.96,SHOPPING,,,,
07/02/2021,POS-Transaction MP Shah Hospital,-21762.18,HEALTHCARE,,,,
29/01/2022,POS-Transaction NAIVAS KINGARA R FT2416723D1N,-47580.42,SHOPPING,,,,
05/01/2022,POS-Transaction Debonairs Pizza,-58453.05,EATING OUT,,,,
29/05/2020,POS-Transaction Uchumi Supermarket,-12342.13,SHOPPING,,,,
16/02/2020,POS-Transaction Chicken Inn,-58313.74,EATING OUT,,,,
18/10/2020,POS-Transaction Bolt Kenya,-23603.9,TRANSPORTATION,,,,
16/01/2022,POS-Transaction Aga Khan Hospital,-10497.6,HEALTHCARE,,,,
11/02/2022,POS-Transaction Artcaffe,-68181.17,EATING OUT,,,,
24/01/2022,POS-Transaction Shell Petrol Station,-49731.36,TRANSPORTATION,,,,
03/10/2021,Pesalink Fees 0100009083663-11 FT24158WQ13M,-3498.98,TRANSACTION FEES,,,,
23/07/2022,POS-Transaction Creamy Inn,-15820.57,EATING OUT,,,,
17/02/2021,POS-Transaction Bolt Kenya,-619.29,TRANSPORTATION,,,,
10/04/2022,POS-Transaction Aga Khan Hospital,-60700.84,HEALTHCARE,,,,
02/06/2020,POS-Transaction Java House,-42301.78,EATING OUT,,,,
28/04/2021,POS-Transaction Spotify Stockhol FT24155TZ3WY,-61182.45,Entertainment,,,,
09/12/2020,POS-Transaction ASMARA ENT KAREN FT24171LT469,-34072.41,EATING OUT,,,,
08/12/2020,Account To MPESA 254725654043,-8019.45,MPESA TRANSFERS,,,,
27/03/2020,POS-Transaction Creamy Inn,-32674.51,EATING OUT,,,,
13/06/2022,Inward Clg EFT  FT24152P7SHF,,DEPOSIT,,,,
29/06/2022,Pesalink Transaction 0100009083663-11 FT24158WQ13M,-2076.81,TRANSACTION FEES,,,,
30/04/2021,POS-Transaction Bata Kenya,-61311,SHOPPING,,,,
19/08/2021,POS-Transaction Uber Kenya,-66316.35,TRANSPORTATION,,,,
28/09/2021,POS-Transaction Cafe Deli,-10127.06,EATING OUT,,,,
08/09/2021,POS-Transaction Little Cab,-36853.53,TRANSPORTATION,,,,
11/03/2022,POS-Transaction Nairobi Hospital,-34148.43,HEALTHCARE,,,,
04/10/2020,POS-Transaction Woolworths Kenya,-19413.69,SHOPPING,,,,
20/04/2020,POS-Transaction Java House,-11845.11,EATING OUT,,,,
23/06/2021,POS-Transaction Aga Khan Hospital,-45497.48,HEALTHCARE,,,,
12/06/2022,POS-Transaction Airtel Shop,-18462,AIRTIME,,,,
06/01/2021,POS-Transaction Cold Stone Creamery,-7008.25,EATING OUT,,,,
30/11/2020,POS-Transaction Cold Stone Creamery,-67364.27,EATING OUT,,,,
20/08/2021,POS-Transaction Kenyatta National Hospital,-56342.97,HEALTHCARE,,,,
11/11/2021,POS-Transaction Debonairs Pizza,-50148.95,EATING OUT,,,,
29/11/2021,POS-Transaction Tuskys Supermarket,-23885.64,SHOPPING,,,,
22/09/2022,POS-Transaction Chicken Inn,-36252.45,EATING OUT,,,,
10/12/2021,POS-Transaction Woolworths Kenya,-10484.97,SHOPPING,,,,
01/01/2021,POS-Transaction Cold Stone Creamery,-25798.42,EATING OUT,,,,
27/11/2021,POS-Transaction Chandarana Foodplus,-38468.71,SHOPPING,,,,
23/05/2021,POS-Transaction Goodlife Pharmacy,-9736.51,HEALTHCARE,,,,
16/05/2020,POS-Transaction Safaricom Shop,-772.15,AIRTIME,,,,
06/06/2021,POS-Transaction Safaricom Shop,-15243.51,AIRTIME,,,,
08/08/2021,POS-Transaction Little Cab,-45072.94,TRANSPORTATION,,,,
27/09/2021,MPESA to Account 254725654043 FT24138WZN08,-54407.73,MPESA TRANSFERS,,,,
11/08/2022,POS-Transaction Chandarana Foodplus,-4945.11,SHOPPING,,,,
19/10/2020,Account To MPESA 254725654043,-11382.88,MPESA TRANSFERS,,,,
12/10/2021,POS-Transaction TOTAL S S NAIROB FT24130HKXZH,-51507.25,TRANSPORTATION,,,,
09/06/2021,POS-Transaction Java House,-53522.71,EATING OUT,,,,
18/03/2021,POS-Transaction Debonairs Pizza,-6928.95,EATING OUT,,,,
18/06/2020,POS-Transaction Cold Stone Creamery,-11290.36,EATING OUT,,,,
19/01/2020,POS-Transaction Nairobi Java House,-5764.77,SHOPPING,,,,
28/03/2022,POS-Transaction Masoko Kenya,-32584.17,SHOPPING,,,,
24/07/2021,POS-Transaction Kilimall Kenya,-63477.85,SHOPPING,,,,
19/04/2022,POS-Transaction Uber Kenya,-61646.94,TRANSPORTATION,,,,
06/05/2021,Loan Repayment  FT24152GVCQ7,-24159.04,LOAN PAYMENTS,,,,
21/10/2020,POS-Transaction Jumia Kenya,-17935.1,SHOPPING,,,,
13/08/2021,POS-Transaction Woolworths Kenya,-61867.18,SHOPPING,,,,
10/03/2022,Mobile Banking Trnsfr,-696.46,TRANSACTION FEES,,,,
04/07/2020,Account Transfer Account Transfer Glovo07JUN Glovo,-22240.11,SHOPPING,,,,
16/05/2021,POS-Transaction Airtel Shop,-50105.28,AIRTIME,,,,
15/11/2022,POS-Transaction Pizza Inn,-1692.98,EATING OUT,,,,
02/04/2021,POS-Transaction Bata Kenya,-36285.33,SHOPPING,,,,
05/06/2021,POS-Transaction KFC Kenya,-47616,EATING OUT,,,,
21/06/2020,POS-Transaction Debonairs Pizza,-52027.76,EATING OUT,,,,
17/06/2021,POS-Transaction Glovo GLOVO PRIM FT241575KWF0,-64849.11,SHOPPING,,,,
01/12/2020,POS-Transaction Artcaffe,-11619.58,EATING OUT,,,,
07/10/2022,POS-Transaction Safaricom Shop,-56661.02,AIRTIME,,,,
24/05/2021,Pesalink Fees 0100009083663-11 FT24158WQ13M,-24953.17,TRANSACTION FEES,,,,
23/10/2020,POS-Transaction Uchumi Supermarket,-39034.9,SHOPPING,,,,
14/04/2020,POS-Transaction Artcaffe,-4703.07,EATING OUT,,,,
03/04/2020,Pesalink Fees 0100009083663-11 FT24158WQ13M,-51046.76,TRANSACTION FEES,,,,
19/03/2021,POS-Transaction Planet Yogurt,-64.82,EATING OUT,,,,
15/11/2020,POS-Transaction Creamy Inn,-65792.78,EATING OUT,,,,
06/11/2022,POS-Transaction Debonairs Pizza,-64798.62,EATING OUT,,,,
28/10/2022,POS-Transaction Aga Khan Hospital,-56157.15,HEALTHCARE,,,,
01/01/2021,POS-Transaction Artcaffe,-31357.6,EATING OUT,,,,
20/03/2022,POS-Transaction MP Shah Hospital,-67549.97,SHOPPING,,,,
03/03/2020,POS-Transaction Java House,-6498.24,EATING OUT,,,,
10/01/2022,POS-Transaction Pizza Inn,-42057.12,EATING OUT,,,,
08/04/2021,POS-Transaction Glovo GLOVO PRIM FT241575KWF0,-26605.66,SHOPPING,,,,
31/03/2021,POS-Transaction Dormans Coffee,-37695.6,EATING OUT,,,,
13/07/2020,POS-Transaction Cafe Deli,-63292.99,EATING OUT,,,,
13/11/2021,POS-Transaction NAIVAS KINGARA R FT2416723D1N,-25164.61,SHOPPING,,,,
09/08/2022,POS-Transaction Nairobi Java House,-13956.37,SHOPPING,,,,
01/01/2021,POS-Transaction Nairobi Hospital,-28797.48,HEALTHCARE,,,,
12/03/2020,POS-Transaction Chandarana Foodplus,-21801.48,SHOPPING,,,,
12/02/2021,POS-Transaction Airtel Shop,-61289,AIRTIME,,,,
20/04/2020,POS-Transaction Cafe Deli,-31704.51,EATING OUT,,,,
01/04/2020,POS-Transaction Big Square,-8166.29,EATING OUT,,,,
30/08/2022,Mobile Banking Trnsfr,-49.48,TRANSACTION FEES,,,,
30/12/2022,POS-Transaction ASMARA ENT KAREN FT24171LT469,-41360.49,EATING OUT,,,,
28/08/2020,POS-Transaction Chicken Inn,-18996.36,EATING OUT,,,,
19/12/2022,POS-Transaction A MEDIUM CORPORA FT24171FWXN9,-39037.52,Entertainment,,,,
12/01/2020,POS-Transaction ASMARA ENT KAREN FT24171LT469,-54839.39,EATING OUT,,,,
28/12/2020,POS-Transaction Carrefour Kenya,-63422.79,SHOPPING,,,,
25/11/2020,POS-Transaction Dormans Coffee,-3590.63,EATING OUT,,,,
09/05/2021,POS-Transaction Safaricom Shop,-69244.57,AIRTIME,,,,
24/05/2021,POS-Transaction Uchumi Supermarket,-35206.04,SHOPPING,,,,
07/09/2020,POS-Transaction Bolt Kenya,-68845.62,TRANSPORTATION,,,,
25/02/2020,Account Transfer Account Transfer Glovo07JUN Glovo,-14550.45,SHOPPING,,,,
28/03/2021,POS-Transaction Cafe Deli,-9474.46,EATING OUT,,,,
09/08/2021,POS-Transaction Planet Yogurt,-37909.15,EATING OUT,,,,
23/10/2022,POS-Transaction Safaricom Shop,-36497.94,AIRTIME,,,,
13/12/2020,POS-Transaction Creamy Inn,-68027.17,EATING OUT,,,,
16/12/2020,POS-Transaction Cafe Deli,-67398.36,EATING OUT,,,,
30/11/2020,POS-Transaction Bolt Kenya,-23868.02,TRANSPORTATION,,,,
23/02/2021,POS-Transaction Cold Stone Creamery,-54071.53,EATING OUT,,,,
10/10/2020,POS-Transaction Quickmart Supermarket,-67855.88,SHOPPING,,,,
19/01/2022,POS-Transaction Steers Kenya,-12664.47,EATING OUT,,,,
06/05/2022,POS-Transaction Big Square,-34288.95,EATING OUT,,,,
11/11/2022,POS-Transaction Artcaffe,-27667.7,EATING OUT,,,,
25/06/2020,POS-Transaction Planet Yogurt,-3636.5,EATING OUT,,,,
20/03/2020,POS-Transaction Cold Stone Creamery,-58743.2,EATING OUT,,,,
12/09/2022,POS-Transaction Jumia Kenya,-13018.79,SHOPPING,,,,
08/07/2022,POS-Transaction Chicken Inn,-553.46,EATING OUT,,,,
09/03/2021,Pesalink Transaction 0100009083663-11 FT24158WQ13M,-62094.29,TRANSACTION FEES,,,,
25/10/2020,POS-Transaction TOTAL S S NAIROB FT24130HKXZH,-51848.01,TRANSPORTATION,,,,
09/10/2020,Account Transfer Account Transfer Glovo07JUN Glovo,-14722.37,SHOPPING,,,,
16/06/2022,POS-Transaction Tuskys Supermarket,-19002.36,SHOPPING,,,,
15/07/2021,POS-Transaction Woolworths Kenya,-31324.27,SHOPPING,,,,
10/04/2022,POS-Transaction A MEDIUM CORPORA FT24171FWXN9,-58969.22,Entertainment,,,,
14/05/2020,POS-Transaction Artcaffe,-7295.62,EATING OUT,,,,
18/12/2021,POS-Transaction Chicken Inn,-31128.39,EATING OUT,,,,
19/01/2021,POS-Transaction Debonairs Pizza,-67606.72,EATING OUT,,,,
20/07/2021,POS-Transaction Planet Yogurt,-21223.89,EATING OUT,,,,
18/02/2022,POS-Transaction Dormans Coffee,-18590.71,EATING OUT,,,,
29/05/2021,POS-Transaction Debonairs Pizza,-69733.75,EATING OUT,,,,
05/03/2021,POS-Transaction Airtel Shop,-7832.13,AIRTIME,,,,
02/01/2021,POS-Transaction Shell Petrol Station,-34533.8,TRANSPORTATION,,,,
24/03/2022,POS-Transaction Big Square,-38486.32,EATING OUT,,,,
19/10/2022,Inward Clg EFT  FT24152P7SHF,,DEPOSIT,,,,
25/06/2021,POS-Transaction Masoko Kenya,-24909.25,SHOPPING,,,,
26/04/2022,Pesalink Fees 0100009083663-11 FT24158WQ13M,-30064.35,TRANSACTION FEES,,,,
01/12/2020,POS-Transaction Quickmart Supermarket,-22995.97,SHOPPING,,,,
05/03/2022,POS-Transaction KFC Kenya,-38497.89,EATING OUT,,,,
07/02/2021,POS-Transaction KFC Kenya,-62273.12,EATING OUT,,,,
13/10/2022,POS-Transaction Kenyatta National Hospital,-860.95,HEALTHCARE,,,,
12/08/2021,POS-Transaction Kenyatta National Hospital,-39007.48,HEALTHCARE,,,,
04/11/2020,POS-Transaction Nairobi Hospital,-38366.85,HEALTHCARE,,,,
18/03/2020,POS-Transaction Creamy Inn,-47135.4,EATING OUT,,,,
02/02/2022,POS-Transaction Artcaffe,-24645.45,EATING OUT,,,,
06/08/2021,POS-Transaction KFC Kenya,-43772.12,EATING OUT,,,,
03/01/2020,POS-Transaction Aga Khan Hospital,-31803.53,HEALTHCARE,,,,
26/12/2022,POS-Transaction Planet Yogurt,-45381.6,EATING OUT,,,,
28/01/2021,POS-Transaction Artcaffe,-67739.36,EATING OUT,,,,
30/04/2020,POS-Transaction MP Shah Hospital,-12473.74,SHOPPING,,,,
14/04/2021,POS-Transaction Java House,-37040.55,EATING OUT,,,,
28/11/2021,POS-Transaction Cafe Deli,-54047.59,EATING OUT,,,,
10/01/2022,POS-Transaction Debonairs Pizza,-39480.33,EATING OUT,,,,
13/03/2021,POS-Transaction Creamy Inn,-9383.14,EATING OUT,,,,
02/10/2022,Mobile Banking Trnsfr,-522.29,TRANSACTION FEES,,,,
04/03/2022,POS-Transaction Tuskys Supermarket,-42825.48,SHOPPING,,,,
05/08/2020,POS-Transaction Uchumi Supermarket,-21409.6,SHOPPING,,,,
22/02/2020,POS-Transaction Glovo GLOVO PRIM FT241575KWF0,-20341.42,SHOPPING,,,,
17/09/2022,POS-Transaction Kilimall Kenya,-43315.1,SHOPPING,,,,
08/05/2020,POS-Transaction NAIVAS KINGARA R FT2416723D1N,-47657.79,SHOPPING,,,,
29/11/2020,Loan Repayment  FT24152GVCQ7,-15446.72,LOAN PAYMENTS,,,,
18/10/2022,POS-Transaction Chicken Inn,-13917.33,EATING OUT,,,,
06/02/2021,POS-Transaction Pizza Inn,-51907.27,EATING OUT,,,,
22/01/2020,POS-Transaction Shell Petrol Station,-6054.12,TRANSPORTATION,,,,
14/12/2022,POS-Transaction Cold Stone Creamery,-58586.41,EATING OUT,,,,
30/12/2021,POS-Transaction Big Square,-56482.41,EATING OUT,,,,
20/11/2021,POS-Transaction Kilimall Kenya,-40054.18,SHOPPING,,,,
28/03/2020,Pesalink Fees 0100009083663-11 FT24158WQ13M,-24300.67,TRANSACTION FEES,,,,
08/01/2022,POS-Transaction Cold Stone Creamery,-23905.58,EATING OUT,,,,
21/10/2021,POS-Transaction Bolt Kenya,-52500.96,TRANSPORTATION,,,,
25/08/2020,POS-Transaction Dormans Coffee,-17856.34,EATING OUT,,,,
11/01/2020,Account To MPESA 254725654043,-3139.91,MPESA TRANSFERS,,,,
24/08/2020,POS-Transaction Uchumi Supermarket,-34653.85,SHOPPING,,,,
30/12/2021,POS-Transaction Nairobi Java House,-52464.95,SHOPPING,,,,
29/07/2021,POS-Transaction Artcaffe,-44686.68,EATING OUT,,,,
28/06/2021,POS-Transaction Dormans Coffee,-34234.61,EATING OUT,,,,
06/06/2021,Account Transfer Account Transfer Glovo07JUN Glovo,-9912.04,SHOPPING,,,,
27/07/2022,POS-Transaction Masoko Kenya,-19347.14,SHOPPING,,,,
02/04/2020,POS-Transaction Debonairs Pizza,-53467.86,EATING OUT,,,,
28/04/2021,POS-Transaction Steers Kenya,-10382.01,EATING OUT,,,,
07/03/2020,POS-Transaction Dormans Coffee,-34546.57,EATING OUT,,,,
21/06/2022,POS-Transaction MP Shah Hospital,-10497.29,SHOPPING,,,,
07/05/2020,POS-Transaction NAIVAS KINGARA R FT2416723D1N,-61510.12,SHOPPING,,,,
11/12/2021,POS-Transaction Dormans Coffee,-54982.83,EATING OUT,,,,
31/07/2020,POS-Transaction Quickmart Supermarket,-6896.63,SHOPPING,,,,
24/09/2021,Inward Clg EFT  FT24152P7SHF,,DEPOSIT,,,,
08/07/2022,POS-Transaction Cold Stone Creamery,-8360.67,EATING OUT,,,,
30/03/2020,POS-Transaction Cafe Deli,-754.35,EATING OUT,,,,
29/11/2021,POS-Transaction Cafe Deli,-20343.79,EATING OUT,,,,
19/06/2020,Account To MPESA 254725654043,-14051.18,MPESA TRANSFERS,,,,
18/03/2021,Account To MPESA 254725654043,-33226.42,MPESA TRANSFERS,,,,
22/05/2021,MPESA to Account 254725654043 FT24138WZN08,-48438.82,MPESA TRANSFERS,,,,
11/02/2021,POS-Transaction Text Book Centre,-63755.08,Entertainment,,,,
05/09/2021,POS-Transaction Glovo GLOVO PRIM FT241575KWF0,-41602.95,SHOPPING,,,,
10/03/2022,POS-Transaction Cafe Deli,-61766.39,EATING OUT,,,,
17/05/2020,POS-Transaction Artcaffe,-40781.04,EATING OUT,,,,
20/01/2021,POS-Transaction Carrefour Kenya,-15505.69,SHOPPING,,,,
13/07/2021,Account To MPESA 254725654043,-57473.24,MPESA TRANSFERS,,,,
12/04/2021,POS-Transaction Pizza Inn,-48367.44,EATING OUT,,,,
10/02/2022,POS-Transaction Uber Kenya,-15491.7,TRANSPORTATION,,,,
09/11/2022,POS-Transaction Cafe Deli,-26488.18,EATING OUT,,,,
10/08/2022,POS-Transaction Woolworths Kenya,-57187.66,SHOPPING,,,,
09/03/2021,POS-Transaction Quickmart Supermarket,-43345.39,SHOPPING,,,,
05/01/2022,POS-Transaction Artcaffe,-18519.16,EATING OUT,,,,
19/12/2021,POS-Transaction Java House,-24795.63,EATING OUT,,,,
26/08/2020,POS-Transaction Cafe Deli,-68613.83,EATING OUT,,,,
12/10/2021,POS-Transaction KFC Kenya,-41055.28,EATING OUT,,,,
21/12/2020,POS-Transaction Kilimall Kenya,-39356.76,SHOPPING,,,,
15/05/2020,POS-Transaction Nairobi Hospital,-38664.86,HEALTHCARE,,,,
13/07/2022,POS-Transaction Masoko Kenya,-19926.52,SHOPPING,,,,
28/04/2022,POS-Transaction Woolworths Kenya,-41513.59,SHOPPING,,,,
19/03/2021,POS-Transaction Airtel Shop,-36879.94,AIRTIME,,,,
25/10/2021,POS-Transaction Debonairs Pizza,-60100.44,EATING OUT,,,,
02/08/2020,POS-Transaction Netflix com Los  FT241567BP49,-510.15,Entertainment,,,,
10/01/2021,POS-Transaction Nairobi Hospital,-23199.2,HEALTHCARE,,,,
19/12/2020,POS-Transaction Jumia Kenya,-10173.23,SHOPPING,,,,
08/01/2021,POS-Transaction Bolt Kenya,-58370.67,TRANSPORTATION,,,,
28/12/2020,POS-Transaction Glovo GLOVO PRIM FT241575KWF0,-9598.4,SHOPPING,,,,
22/07/2020,POS-Transaction A MEDIUM CORPORA FT24171FWXN9,-21697.43,Entertainment,,,,
13/08/2022,POS-Transaction Quickmart Supermarket,-10667.05,SHOPPING,,,,
13/01/2020,POS-Transaction Cold Stone Creamery,-33240.93,EATING OUT,,,,
06/05/2020,POS-Transaction Java House,-22209.03,EATING OUT,,,,
20/05/2020,POS-Transaction Bolt Kenya,-37614.98,TRANSPORTATION,,,,
19/08/2020,POS-Transaction Java House,-21136.89,EATING OUT,,,,
02/06/2022,POS-Transaction Planet Yogurt,-48761.73,EATING OUT,,,,
16/02/2021,POS-Transaction Creamy Inn,-301.3,EATING OUT,,,,
04/08/2020,Loan Repayment  FT24152GVCQ7,-508.98,LOAN PAYMENTS,,,,
06/09/2022,POS-Transaction Chicken Inn,-65407.47,EATING OUT,,,,
21/10/2021,POS-Transaction Masoko Kenya,-51504.18,SHOPPING,,,,
06/02/2022,POS-Transaction Planet Yogurt,-3240.96,EATING OUT,,,,
26/09/2020,POS-Transaction Spotify Stockhol FT24155TZ3WY,-31585.82,Entertainment,,,,
26/10/2022,POS-Transaction KFC Kenya,-11582.38,EATING OUT,,,,
03/03/2022,POS-Transaction Carrefour Kenya,-6471.32,SHOPPING,,,,
27/12/2020,POS-Transaction Little Cab,-33679.23,TRANSPORTATION,,,,
29/05/2022,POS-Transaction Dormans Coffee,-5353.43,EATING OUT,,,,
06/11/2021,POS-Transaction MP Shah Hospital,-18994.48,SHOPPING,,,,
28/11/2021,POS-Transaction Artcaffe,-31613.68,EATING OUT,,,,
31/07/2021,POS-Transaction NAIVAS KINGARA R FT2416723D1N,-46023.36,SHOPPING,,,,
21/07/2021,POS-Transaction Dormans Coffee,-37251.54,EATING OUT,,,,
21/04/2020,POS-Transaction Chicken Inn,-23751.23,EATING OUT,,,,
21/10/2022,POS-Transaction Airtel Shop,-69805.01,AIRTIME,,,,
28/04/2021,POS-Transaction Steers Kenya,-55746.97,EATING OUT,,,,
20/05/2020,POS-Transaction Cafe Deli,-61266.71,EATING OUT,,,,
15/01/2021,POS-Transaction KFC Kenya,-6647.42,EATING OUT,,,,
02/04/2022,POS-Transaction MP Shah Hospital,-20638.79,SHOPPING,,,,
12/01/2021,Loan Repayment  FT24152GVCQ7,-49163.91,LOAN PAYMENTS,,,,
13/01/2020,POS-Transaction A MEDIUM CORPORA FT24171FWXN9,-38568.56,Entertainment,,,,
27/02/2021,POS-Transaction Uber Kenya,-12246.79,TRANSPORTATION,,,,
02/08/2021,POS-Transaction Pizza Inn,-48541.03,EATING OUT,,,,
23/09/2021,Mobile Banking Trnsfr,-656.49,TRANSACTION FEES,,,,
07/07/2022,POS-Transaction MP Shah Hospital,-4319.64,SHOPPING,,,,
04/03/2020,POS-Transaction Dormans Coffee,-50066.23,EATING OUT,,,,
28/12/2021,POS-Transaction Chicken Inn,-30465.32,EATING OUT,,,,
22/04/2021,POS-Transaction Kilimall Kenya,-7071,SHOPPING,,,,
10/07/2021,Account To MPESA 254725654043,-35492.47,MPESA TRANSFERS,,,,
14/01/2020,POS-Transaction Creamy Inn,-54105.29,EATING OUT,,,,
19/11/2020,POS-Transaction Cafe Deli,-52257.62,EATING OUT,,,,
18/07/2022,POS-Transaction Dormans Coffee,-50598.05,EATING OUT,,,,
24/02/2020,Account Transfer Account Transfer Glovo07JUN Glovo,-34001.54,SHOPPING,,,,
18/08/2022,POS-Transaction Text Book Centre,-46212.7,Entertainment,,,,
04/10/2022,Loan Repayment  FT24152GVCQ7,-23791.41,LOAN PAYMENTS,,,,
18/04/2021,POS-Transaction NAIVAS KINGARA R FT2416723D1N,-55975.56,SHOPPING,,,,
05/11/2022,Mobile Banking Trnsfr,-789.06,TRANSACTION FEES,,,,
31/01/2022,POS-Transaction Pizza Inn,-23987.73,EATING OUT,,,,
24/05/2021,POS-Transaction Woolworths Kenya,-42982.68,SHOPPING,,,,
01/08/2022,POS-Transaction Java House,-62597.64,EATING OUT,,,,
16/09/2022,POS-Transaction Safaricom Shop,-15375.62,AIRTIME,,,,
02/04/2022,Loan Repayment  FT24152GVCQ7,-3195.4,LOAN PAYMENTS,,,,
11/07/2021,POS-Transaction Jumia Kenya,-69313.39,SHOPPING,,,,
24/04/2020,POS-Transaction Chicken Inn,-67318.69,EATING OUT,,,,
22/05/2020,POS-Transaction A MEDIUM CORPORA FT24171FWXN9,-51016.56,Entertainment,,,,
13/11/2020,POS-Transaction Masoko Kenya,-19330.04,SHOPPING,,,,
14/10/2020,POS-Transaction Steers Kenya,-32933.9,EATING OUT,,,,
13/01/2022,POS-Transaction Safaricom Shop,-15299.71,AIRTIME,,,,
01/08/2022,POS-Transaction Creamy Inn,-3982.5,EATING OUT,,,,
30/04/2022,POS-Transaction Dormans Coffee,-32180.2,EATING OUT,,,,
31/01/2021,POS-Transaction Nairobi Hospital,-56530.27,HEALTHCARE,,,,
14/11/2020,POS-Transaction Planet Yogurt,-16454.1,EATING OUT,,,,
28/06/2020,POS-Transaction Shell Petrol Station,-52200.45,TRANSPORTATION,,,,
01/01/2022,POS-Transaction Cafe Deli,-45770.53,EATING OUT,,,,
13/01/2022,POS-Transaction Pizza Inn,-54814.59,EATING OUT,,,,
20/11/2021,POS-Transaction A MEDIUM CORPORA FT24171FWXN9,-61007.95,Entertainment,,,,
21/02/2020,POS-Transaction Masoko Kenya,-54253.97,SHOPPING,,,,
25/12/2020,POS-Transaction Aga Khan Hospital,-22039.27,HEALTHCARE,,,,
27/09/2021,POS-Transaction Cold Stone Creamery,-9651.58,EATING OUT,,,,
14/11/2020,POS-Transaction Debonairs Pizza,-4817.15,EATING OUT,,,,
08/09/2020,POS-Transaction Steers Kenya,-53183.07,EATING OUT,,,,
27/09/2020,POS-Transaction Creamy Inn,-47839.35,EATING OUT,,,,
03/10/2021,POS-Transaction Cafe Deli,-46793.22,EATING OUT,,,,
07/03/2020,POS-Transaction Nairobi Hospital,-56945.82,HEALTHCARE,,,,
11/12/2022,POS-Transaction Aga Khan Hospital,-62650.22,HEALTHCARE,,,,
16/10/2020,POS-Transaction NAIVAS KINGARA R FT2416723D1N,-23383.13,SHOPPING,,,,
27/10/2020,POS-Transaction Text Book Centre,-64843.26,Entertainment,,,,
21/02/2022,POS-Transaction MP Shah Hospital,-45708.02,SHOPPING,,,,
23/02/2022,POS-Transaction Quickmart Supermarket,-11162.85,SHOPPING,,,,
01/04/2020,POS-Transaction Text Book Centre,-53557.76,Entertainment,,,,
20/05/2020,POS-Transaction Steers Kenya,-12952.76,EATING OUT,,,,
01/10/2021,POS-Transaction Cafe Deli,-14654.55,EATING OUT,,,,
31/12/2020,POS-Transaction Airtel Shop,-52735.39,AIRTIME,,,,
13/03/2021,POS-Transaction TOTAL S S NAIROB FT24130HKXZH,-62333.6,TRANSPORTATION,,,,
21/07/2022,POS-Transaction Bolt Kenya,-51082.11,TRANSPORTATION,,,,
18/11/2021,POS-Transaction Big Square,-50720.47,EATING OUT,,,,
06/10/2022,POS-Transaction Woolworths Kenya,-62088.01,SHOPPING,,,,
27/05/2021,POS-Transaction Kenyatta National Hospital,-68521.59,HEALTHCARE,,,,
17/01/2021,POS-Transaction Carrefour Kenya,-6093.66,SHOPPING,,,,
04/10/2022,POS-Transaction Airtel Shop,-34109.64,AIRTIME,,,,
05/06/2022,POS-Transaction Java House,-9590.16,EATING OUT,,,,
27/02/2021,POS-Transaction MP Shah Hospital,-42915.07,SHOPPING,,,,
11/09/2020,POS-Transaction Planet Yogurt,-39950.85,EATING OUT,,,,
07/05/2021,POS-Transaction Nairobi Hospital,-48876.49,HEALTHCARE,,,,
10/03/2021,POS-Transaction Quickmart Supermarket,-7231.94,SHOPPING,,,,
01/02/2022,POS-Transaction Woolworths Kenya,-42094.92,SHOPPING,,,,
29/12/2021,POS-Transaction Kenyatta National Hospital,-22344.84,HEALTHCARE,,,,
27/09/2022,POS-Transaction Chicken Inn,-37745.51,EATING OUT,,,,
08/02/2022,POS-Transaction Big Square,-11179.01,EATING OUT,,,,
21/12/2022,POS-Transaction Carrefour Kenya,-38732.61,SHOPPING,,,,
22/01/2021,POS-Transaction TOTAL S S NAIROB FT24130HKXZH,-52970.62,TRANSPORTATION,,,,
18/07/2021,POS-Transaction KFC Kenya,-27922.96,EATING OUT,,,,
22/10/2020,POS-Transaction Chicken Inn,-11898.99,EATING OUT,,,,
05/03/2020,POS-Transaction Dormans Coffee,-36778.4,EATING OUT,,,,
02/10/2020,POS-Transaction Kenyatta National Hospital,-59638.93,HEALTHCARE,,,,
13/04/2022,POS-Transaction Planet Yogurt,-2016.54,EATING OUT,,,,
18/12/2020,POS-Transaction Steers Kenya,-23901.43,EATING OUT,,,,
22/11/2020,POS-Transaction Steers Kenya,-53869.53,EATING OUT,,,,
01/07/2021,POS-Transaction Text Book Centre,-11830.16,Entertainment,,,,
13/07/2022,POS-Transaction Debonairs Pizza,-30269.23,EATING OUT,,,,
13/11/2021,Account To MPESA 254725654043,-6200.12,MPESA TRANSFERS,,,,
03/10/2021,POS-Transaction Quickmart Supermarket,-46371.48,SHOPPING,,,,
23/04/2020,POS-Transaction Woolworths Kenya,-17010.35,SHOPPING,,,,
25/12/2021,POS-Transaction Airtel Shop,-5193.61,AIRTIME,,,,
27/03/2022,POS-Transaction MP Shah Hospital,-55633.26,SHOPPING,,,,
08/10/2022,POS-Transaction Java House,-59232.13,EATING OUT,,,,
28/05/2022,POS-Transaction Bata Kenya,-16246.25,SHOPPING,,,,
05/07/2022,POS-Transaction Dormans Coffee,-40622.9,EATING OUT,,,,
31/07/2021,Loan Repayment  FT24152GVCQ7,-51843.44,LOAN PAYMENTS,,,,
01/06/2022,POS-Transaction Netflix com Los  FT241567BP49,-17684.29,Entertainment,,,,
25/09/2022,Account Transfer Account Transfer Glovo07JUN Glovo,-18896.83,SHOPPING,,,,
31/03/2021,POS-Transaction Aga Khan Hospital,-39072.59,HEALTHCARE,,,,
26/08/2020,POS-Transaction Pizza Inn,-60731.63,EATING OUT,,,,
28/10/2020,POS-Transaction KFC Kenya,-53306.61,EATING OUT,,,,
26/01/2021,POS-Transaction Debonairs Pizza,-21477.98,EATING OUT,,,,
24/11/2021,POS-Transaction Aga Khan Hospital,-45188.51,HEALTHCARE,,,,
23/04/2022,POS-Transaction NAIVAS KINGARA R FT2416723D1N,-36160.08,SHOPPING,,,,
10/12/2020,POS-Transaction Dormans Coffee,-53003.01,EATING OUT,,,,
18/12/2022,POS-Transaction Uchumi Supermarket,-31504.27,SHOPPING,,,,
05/01/2020,MPESA to Account 254725654043 FT24138WZN08,-13303.74,MPESA TRANSFERS,,,,
19/12/2021,POS-Transaction Woolworths Kenya,-8530.54,SHOPPING,,,,
27/04/2020,POS-Transaction Cold Stone Creamery,-37526.33,EATING OUT,,,,
25/07/2022,POS-Transaction Cold Stone Creamery,-42273.5,EATING OUT,,,,
02/04/2021,POS-Transaction Big Square,-45051.27,EATING OUT,,,,
08/10/2022,POS-Transaction Nairobi Hospital,-64592.33,HEALTHCARE,,,,
19/02/2020,POS-Transaction Masoko Kenya,-3188.4,SHOPPING,,,,
06/12/2021,POS-Transaction TOTAL S S NAIROB FT24130HKXZH,-52847.83,TRANSPORTATION,,,,
04/01/2022,POS-Transaction Cold Stone Creamery,-48891.19,EATING OUT,,,,
02/10/2021,POS-Transaction MP Shah Hospital,-57792.6,SHOPPING,,,,
18/07/2020,POS-Transaction Safaricom Shop,-65326.84,AIRTIME,,,,
24/08/2020,POS-Transaction Chicken Inn,-12056.59,EATING OUT,,,,
10/04/2021,POS-Transaction NAIVAS KINGARA R FT2416723D1N,-19502.66,SHOPPING,,,,
14/12/2022,POS-Transaction Cold Stone Creamery,-49801,EATING OUT,,,,
02/09/2020,POS-Transaction Chicken Inn,-14516.62,EATING OUT,,,,
25/08/2020,POS-Transaction Creamy Inn,-48146.35,EATING OUT,,,,
25/08/2020,POS-Transaction Spotify Stockhol FT24155TZ3WY,-8099.08,Entertainment,,,,
02/08/2022,POS-Transaction Text Book Centre,-24889.44,Entertainment,,,,
14/02/2022,POS-Transaction Masoko Kenya,-19547.05,SHOPPING,,,,
27/12/2021,Inward Clg EFT  FT24152P7SHF,,DEPOSIT,,,,
16/09/2021,POS-Transaction Planet Yogurt,-44525.68,EATING OUT,,,,
02/07/2020,POS-Transaction Planet Yogurt,-18954.01,EATING OUT,,,,
20/05/2022,Inward Clg EFT  FT24152P7SHF,,DEPOSIT,,,,
06/11/2021,Loan Repayment  FT24152GVCQ7,-16088.71,LOAN PAYMENTS,,,,
14/01/2022,Pesalink Fees 0100009083663-11 FT24158WQ13M,-10508.63,TRANSACTION FEES,,,,
15/07/2020,POS-Transaction Debonairs Pizza,-69394.71,EATING OUT,,,,
23/11/2021,POS-Transaction NAIVAS KINGARA R FT2416723D1N,-65530.81,SHOPPING,,,,
13/03/2020,Account Transfer Account Transfer Glovo07JUN Glovo,-61108.34,SHOPPING,,,,
04/12/2022,POS-Transaction Steers Kenya,-26403.96,EATING OUT,,,,
30/11/2021,Mobile Banking Trnsfr,-818.45,TRANSACTION FEES,,,,
04/05/2021,POS-Transaction Spotify Stockhol FT24155TZ3WY,-7110.13,Entertainment,,,,
10/03/2020,POS-Transaction Chicken Inn,-12554.01,EATING OUT,,,,
16/03/2021,POS-Transaction A MEDIUM CORPORA FT24171FWXN9,-25155.53,Entertainment,,,,
12/11/2022,POS-Transaction Cafe Deli,-499.82,EATING OUT,,,,
19/07/2022,POS-Transaction Uchumi Supermarket,-48592.49,SHOPPING,,,,
14/08/2021,POS-Transaction Little Cab,-61798.38,TRANSPORTATION,,,,
17/02/2021,POS-Transaction Aga Khan Hospital,-61082.81,HEALTHCARE,,,,
24/10/2021,POS-Transaction Shell Petrol Station,-16367.02,TRANSPORTATION,,,,
17/08/2020,POS-Transaction Steers Kenya,-24091.73,EATING OUT,,,,
10/07/2022,POS-Transaction Nairobi Hospital,-7855.88,HEALTHCARE,,,,
20/06/2020,POS-Transaction MP Shah Hospital,-4704.69,SHOPPING,,,,
30/10/2022,Mobile Banking Trnsfr,-64.28,TRANSACTION FEES,,,,
01/09/2020,POS-Transaction Nairobi Java House,-48978.14,SHOPPING,,,,
30/05/2021,POS-Transaction Big Square,-1452.54,EATING OUT,,,,
05/12/2022,POS-Transaction ASMARA ENT KAREN FT24171LT469,-54545.18,EATING OUT,,,,
02/03/2020,POS-Transaction Netflix com Los  FT241567BP49,-52180.81,Entertainment,,,,
02/11/2020,POS-Transaction Cold Stone Creamery,-48994.92,EATING OUT,,,,
22/09/2021,POS-Transaction Text Book Centre,-54390.38,Entertainment,,,,
28/02/2021,POS-Transaction Nairobi Hospital,-51407.9,HEALTHCARE,,,,
20/07/2022,POS-Transaction Airtel Shop,-44415.62,AIRTIME,,,,
01/10/2022,POS-Transaction Woolworths Kenya,-55681.74,SHOPPING,,,,
10/03/2022,POS-Transaction Dormans Coffee,-42042.81,EATING OUT,,,,
01/02/2022,POS-Transaction A MEDIUM CORPORA FT24171FWXN9,-42359.09,Entertainment,,,,
06/12/2022,Account Transfer Account Transfer Glovo07JUN Glovo,-65844.69,SHOPPING,,,,
28/07/2021,POS-Transaction Little Cab,-66594.31,TRANSPORTATION,,,,
04/08/2021,Mobile Banking Trnsfr,-903.66,TRANSACTION FEES,,,,
02/02/2021,POS-Transaction NAIVAS KINGARA R FT2416723D1N,-29519.94,SHOPPING,,,,
07/03/2022,POS-Transaction Aga Khan Hospital,-42254.3,HEALTHCARE,,,,
30/05/2020,Pesalink Transaction 0100009083663-11 FT24158WQ13M,-12152.24,TRANSACTION FEES,,,,
04/04/2021,POS-Transaction Chicken Inn,-7763.3,EATING OUT,,,,
05/11/2020,POS-Transaction Masoko Kenya,-42601.86,SHOPPING,,,,
22/09/2020,POS-Transaction Cold Stone Creamery,-43368.09,EATING OUT,,,,
13/07/2021,POS-Transaction Artcaffe,-30120.35,EATING OUT,,,,
10/12/2022,POS-Transaction Dormans Coffee,-55814.68,EATING OUT,,,,
14/01/2020,POS-Transaction Steers Kenya,-60695.45,EATING OUT,,,,
11/06/2021,POS-Transaction Netflix com Los  FT241567BP49,-23960.21,Entertainment,,,,
01/11/2021,Pesalink Fees 0100009083663-11 FT24158WQ13M,-39218.39,TRANSACTION FEES,,,,
22/10/2021,POS-Transaction Bata Kenya,-41066.13,SHOPPING,,,,
22/08/2022,POS-Transaction Jumia Kenya,-53950.04,SHOPPING,,,,
30/06/2022,POS-Transaction Netflix com Los  FT241567BP49,-41559.37,Entertainment,,,,
23/08/2022,POS-Transaction Kilimall Kenya,-58545.49,SHOPPING,,,,
22/07/2020,POS-Transaction Cafe Deli,-27720.58,EATING OUT,,,,
09/02/2020,POS-Transaction Dormans Coffee,-35293.46,EATING OUT,,,,
08/04/2020,Loan Repayment  FT24152GVCQ7,-18767.99,LOAN PAYMENTS,,,,
10/06/2021,POS-Transaction Masoko Kenya,-63292.86,SHOPPING,,,,
19/11/2021,POS-Transaction Debonairs Pizza,-69947.2,EATING OUT,,,,
06/01/2020,POS-Transaction Safaricom Shop,-54073.04,AIRTIME,,,,
25/12/2020,POS-Transaction Bolt Kenya,-20291.85,TRANSPORTATION,,,,
13/12/2020,POS-Transaction Debonairs Pizza,-36033.94,EATING OUT,,,,
25/09/2020,POS-Transaction Java House,-29536.27,EATING OUT,,,,
24/05/2022,Inward Clg EFT  FT24152P7SHF,,DEPOSIT,,,,
25/01/2021,POS-Transaction Spotify Stockhol FT24155TZ3WY,-62750.22,Entertainment,,,,
21/05/2022,POS-Transaction Cafe Deli,-4964.9,EATING OUT,,,,
31/03/2022,POS-Transaction Chandarana Foodplus,-51572.25,SHOPPING,,,,
01/03/2021,POS-Transaction Glovo GLOVO PRIM FT241575KWF0,-69490.31,SHOPPING,,,,
20/12/2022,POS-Transaction Chicken Inn,-16723.45,EATING OUT,,,,
31/03/2020,POS-Transaction Glovo GLOVO PRIM FT241575KWF0,-56678.91,SHOPPING,,,,
28/11/2022,Pesalink Fees 0100009083663-11 FT24158WQ13M,-15218.23,TRANSACTION FEES,,,,
21/05/2021,POS-Transaction Java House,-69497.44,EATING OUT,,,,
23/12/2022,POS-Transaction Planet Yogurt,-42403.19,EATING OUT,,,,
20/01/2020,POS-Transaction Dormans Coffee,-41941.12,EATING OUT,,,,
22/03/2022,POS-Transaction Creamy Inn,-69065.6,EATING OUT,,,,
11/01/2022,MPESA to Account 254725654043 FT24138WZN08,-31048.88,MPESA TRANSFERS,,,,
03/08/2022,POS-Transaction Cold Stone Creamery,-30201.66,EATING OUT,,,,
20/12/2022,POS-Transaction Steers Kenya,-22018.61,EATING OUT,,,,
26/04/2020,POS-Transaction Big Square,-14693.13,EATING OUT,,,,
07/07/2022,POS-Transaction Shell Petrol Station,-34906.35,TRANSPORTATION,,,,
07/05/2021,POS-Transaction Creamy Inn,-35885.37,EATING OUT,,,,
05/11/2021,POS-Transaction Steers Kenya,-41821.45,EATING OUT,,,,
19/01/2021,POS-Transaction ASMARA ENT KAREN FT24171LT469,-63907.08,EATING OUT,,,,
17/01/2022,POS-Transaction Shell Petrol Station,-58223.07,TRANSPORTATION,,,,
17/09/2021,POS-Transaction Woolworths Kenya,-4986.5,SHOPPING,,,,
19/11/2021,POS-Transaction Tuskys Supermarket,-15747.34,SHOPPING,,,,
19/02/2022,POS-Transaction Netflix com Los  FT241567BP49,-57167.12,Entertainment,,,,
03/09/2021,POS-Transaction A MEDIUM CORPORA FT24171FWXN9,-21974.06,Entertainment,,,,
22/04/2022,POS-Transaction Bata Kenya,-16314.91,SHOPPING,,,,
20/06/2021,POS-Transaction Bolt Kenya,-8583.28,TRANSPORTATION,,,,
21/07/2020,POS-Transaction Tuskys Supermarket,-35000.56,SHOPPING,,,,
07/06/2022,POS-Transaction Spotify Stockhol FT24155TZ3WY,-51051.45,Entertainment,,,,
26/04/2022,POS-Transaction Bolt Kenya,-31030.89,TRANSPORTATION,,,,
14/04/2022,POS-Transaction Kilimall Kenya,-22214.13,SHOPPING,,,,
26/07/2020,POS-Transaction Planet Yogurt,-56082.61,EATING OUT,,,,
26/12/2021,Account Transfer Account Transfer Glovo07JUN Glovo,-6330.65,SHOPPING,,,,
24/09/2020,POS-Transaction Spotify Stockhol FT24155TZ3WY,-60056.14,Entertainment,,,,
20/04/2022,POS-Transaction Kilimall Kenya,-15973.41,SHOPPING,,,,
04/02/2021,POS-Transaction Cafe Deli,-31226.19,EATING OUT,,,,
23/01/2020,POS-Transaction Pizza Inn,-36990.53,EATING OUT,,,,
11/12/2021,POS-Transaction Nairobi Java House,-38509.93,SHOPPING,,,,
29/05/2022,POS-Transaction Artcaffe,-46091.91,EATING OUT,,,,
07/09/2020,POS-Transaction Java House,-50491.4,EATING OUT,,,,
30/01/2022,POS-Transaction Big Square,-49214.38,EATING OUT,,,,
05/04/2020,POS-Transaction Artcaffe,-52660.58,EATING OUT,,,,
27/03/2021,POS-Transaction Cold Stone Creamery,-48910.17,EATING OUT,,,,
22/02/2022,Pesalink Fees 0100009083663-11 FT24158WQ13M,-26414.15,TRANSACTION FEES,,,,
14/07/2020,POS-Transaction Pizza Inn,-63852.05,EATING OUT,,,,
10/05/2021,POS-Transaction Steers Kenya,-60729.66,EATING OUT,,,,
29/12/2022,POS-Transaction Aga Khan Hospital,-15873.46,HEALTHCARE,,,,
23/06/2020,POS-Transaction Nairobi Java House,-21354.73,SHOPPING,,,,
25/06/2020,POS-Transaction Big Square,-61859.67,EATING OUT,,,,
19/03/2022,POS-Transaction MP Shah Hospital,-53563.53,SHOPPING,,,,
12/11/2022,POS-Transaction Steers Kenya,-31907.38,EATING OUT,,,,
26/07/2021,POS-Transaction Dormans Coffee,-35502.84,EATING OUT,,,,
14/04/2022,Mobile Banking Trnsfr,-208.53,TRANSACTION FEES,,,,
20/02/2021,POS-Transaction Aga Khan Hospital,-20506.97,HEALTHCARE,,,,
17/07/2020,POS-Transaction Jumia Kenya,-47364.4,SHOPPING,,,,
31/03/2020,POS-Transaction Steers Kenya,-30268.55,EATING OUT,,,,
15/05/2020,POS-Transaction Artcaffe,-66699.93,EATING OUT,,,,
08/08/2020,POS-Transaction Pizza Inn,-16012.12,EATING OUT,,,,
03/03/2021,POS-Transaction Java House,-31595.02,EATING OUT,,,,
27/12/2022,POS-Transaction TOTAL S S NAIROB FT24130HKXZH,-44954.82,TRANSPORTATION,,,,
13/01/2020,POS-Transaction Text Book Centre,-32052.29,Entertainment,,,,
11/05/2021,Account Transfer Account Transfer Glovo07JUN Glovo,-647.54,SHOPPING,,,,
26/08/2022,POS-Transaction NAIVAS KINGARA R FT2416723D1N,-3206.35,SHOPPING,,,,
22/03/2020,POS-Transaction Java House,-16962.13,EATING OUT,,,,
06/08/2022,POS-Transaction Tuskys Supermarket,-12355.6,SHOPPING,,,,
25/01/2022,POS-Transaction Big Square,-28306.16,EATING OUT,,,,
04/11/2020,POS-Transaction Uber Kenya,-67409.75,TRANSPORTATION,,,,
25/07/2021,MPESA to Account 254725654043 FT24138WZN08,-24300.15,MPESA TRANSFERS,,,,
20/09/2021,POS-Transaction Dormans Coffee,-55281.91,EATING OUT,,,,
19/03/2022,POS-Transaction Debonairs Pizza,-60585.31,EATING OUT,,,,
10/08/2022,POS-Transaction Creamy Inn,-23099.05,EATING OUT,,,,
29/12/2022,POS-Transaction Masoko Kenya,-29171.93,SHOPPING,,,,
23/09/2021,POS-Transaction Pizza Inn,-44824.68,EATING OUT,,,,
03/11/2020,POS-Transaction Little Cab,-55391.15,TRANSPORTATION,,,,
13/10/2022,POS-Transaction Pizza Inn,-63240.39,EATING OUT,,,,
09/04/2022,POS-Transaction Pizza Inn,-20400.48,EATING OUT,,,,
01/05/2020,POS-Transaction Kilimall Kenya,-42658.97,SHOPPING,,,,
21/03/2022,Pesalink Fees 0100009083663-11 FT24158WQ13M,-45990.04,TRANSACTION FEES,,,,
05/05/2021,POS-Transaction Creamy Inn,-38482.57,EATING OUT,,,,
05/07/2020,POS-Transaction Bata Kenya,-45282.93,SHOPPING,,,,
26/11/2020,POS-Transaction Nairobi Java House,-35244.84,SHOPPING,,,,
14/06/2022,POS-Transaction Netflix com Los  FT241567BP49,-31488.44,Entertainment,,,,
30/07/2021,POS-Transaction Netflix com Los  FT241567BP49,-7266.96,Entertainment,,,,
23/09/2020,POS-Transaction Spotify Stockhol FT24155TZ3WY,-42469.26,Entertainment,,,,
05/05/2020,POS-Transaction A MEDIUM CORPORA FT24171FWXN9,-4781.18,Entertainment,,,,
07/07/2020,POS-Transaction Safaricom Shop,-39611.5,AIRTIME,,,,
08/05/2021,POS-Transaction Nairobi Hospital,-9330.28,HEALTHCARE,,,,
09/09/2021,POS-Transaction Steers Kenya,-35598.67,EATING OUT,,,,
15/11/2022,POS-Transaction Pizza Inn,-2911.36,EATING OUT,,,,
27/02/2021,POS-Transaction Woolworths Kenya,-54253.89,SHOPPING,,,,
26/12/2020,Loan Repayment  FT24152GVCQ7,-7625.36,LOAN PAYMENTS,,,,
12/09/2021,POS-Transaction Carrefour Kenya,-8681.66,SHOPPING,,,,
25/12/2022,POS-Transaction Pizza Inn,-51744.48,EATING OUT,,,,
02/12/2022,POS-Transaction Uber Kenya,-37468.98,TRANSPORTATION,,,,
12/06/2022,POS-Transaction Shell Petrol Station,-136.34,TRANSPORTATION,,,,
07/01/2022,Pesalink Fees 0100009083663-11 FT24158WQ13M,-48448.37,TRANSACTION FEES,,,,
28/07/2022,POS-Transaction Artcaffe,-11601.15,EATING OUT,,,,
06/09/2021,POS-Transaction Cafe Deli,-35622.54,EATING OUT,,,,
30/04/2021,POS-Transaction Uber Kenya,-49384.13,TRANSPORTATION,,,,
03/11/2022,POS-Transaction Debonairs Pizza,-27452.51,EATING OUT,,,,
19/08/2020,POS-Transaction Steers Kenya,-57367.15,EATING OUT,,,,
11/09/2020,Loan Repayment  FT24152GVCQ7,-67548.48,LOAN PAYMENTS,,,,
30/11/2021,POS-Transaction Dormans Coffee,-26741.17,EATING OUT,,,,
02/01/2022,POS-Transaction Text Book Centre,-65258.02,Entertainment,,,,
06/09/2022,POS-Transaction Big Square,-37119.48,EATING OUT,,,,
15/06/2022,POS-Transaction Planet Yogurt,-19003,EATING OUT,,,,
10/03/2022,POS-Transaction Safaricom Shop,-2778.76,AIRTIME,,,,
20/08/2020,POS-Transaction Text Book Centre,-22311.82,Entertainment,,,,
29/09/2022,POS-Transaction Steers Kenya,-2774.35,EATING OUT,,,,
12/06/2021,POS-Transaction Uchumi Supermarket,-38565.88,SHOPPING,,,,
17/11/2022,POS-Transaction Chandarana Foodplus,-48064.68,SHOPPING,,,,
25/09/2021,POS-Transaction Dormans Coffee,-41917.14,EATING OUT,,,,
05/06/2021,POS-Transaction Cafe Deli,-65910.99,EATING OUT,,,,
10/08/2021,POS-Transaction Cold Stone Creamery,-6804.99,EATING OUT,,,,
04/03/2020,POS-Transaction Uchumi Supermarket,-32669.88,SHOPPING,,,,
19/02/2021,POS-Transaction Goodlife Pharmacy,-37852.3,HEALTHCARE,,,,
06/09/2022,POS-Transaction Masoko Kenya,-3977.23,SHOPPING,,,,
21/06/2020,POS-Transaction ASMARA ENT KAREN FT24171LT469,-13191.42,EATING OUT,,,,
09/04/2022,POS-Transaction NAIVAS KINGARA R FT2416723D1N,-54280.69,SHOPPING,,,,
15/12/2020,POS-Transaction Artcaffe,-36836.97,EATING OUT,,,,
04/05/2020,POS-Transaction Steers Kenya,-26958.86,EATING OUT,,,,
02/03/2022,POS-Transaction Pizza Inn,-56669.53,EATING OUT,,,,
16/11/2020,POS-Transaction Chicken Inn,-46054.66,EATING OUT,,,,
23/07/2021,POS-Transaction Steers Kenya,-58451.28,EATING OUT,,,,
02/03/2022,Pesalink Fees 0100009083663-11 FT24158WQ13M,-25784.48,TRANSACTION FEES,,,,
06/11/2020,POS-Transaction ASMARA ENT KAREN FT24171LT469,-56803.88,EATING OUT,,,,
28/08/2022,POS-Transaction Cafe Deli,-8810.34,EATING OUT,,,,
16/01/2020,POS-Transaction Debonairs Pizza,-9023.81,EATING OUT,,,,
14/11/2020,POS-Transaction Uchumi Supermarket,-33754.02,SHOPPING,,,,
03/11/2021,POS-Transaction Planet Yogurt,-51222.13,EATING OUT,,,,
14/02/2022,POS-Transaction Safaricom Shop,-4200.04,AIRTIME,,,,
02/05/2022,Mobile Banking Trnsfr,-624.66,TRANSACTION FEES,,,,
28/04/2020,POS-Transaction MP Shah Hospital,-11757.57,SHOPPING,,,,
08/05/2022,POS-Transaction Tuskys Supermarket,-61369.78,SHOPPING,,,,
04/09/2022,Loan Repayment  FT24152GVCQ7,-20703.85,LOAN PAYMENTS,,,,
15/09/2022,POS-Transaction Kilimall Kenya,-59563.06,SHOPPING,,,,
13/06/2021,POS-Transaction Nairobi Hospital,-43825.13,HEALTHCARE,,,,
24/09/2020,POS-Transaction Creamy Inn,-64742.64,EATING OUT,,,,
16/07/2021,POS-Transaction Little Cab,-13905.08,TRANSPORTATION,,,,
07/10/2020,Account Transfer Account Transfer Glovo07JUN Glovo,-40554.99,SHOPPING,,,,
29/12/2021,POS-Transaction Dormans Coffee,-50206.87,EATING OUT,,,,
16/12/2022,POS-Transaction Java House,-16069.49,EATING OUT,,,,
02/04/2022,POS-Transaction Creamy Inn,-36436.23,EATING OUT,,,,
18/05/2022,POS-Transaction Uchumi Supermarket,-24292.33,SHOPPING,,,,
21/11/2022,POS-Transaction Java House,-9738.85,EATING OUT,,,,
12/09/2022,POS-Transaction MP Shah Hospital,-20934.29,SHOPPING,,,,
15/01/2021,POS-Transaction Steers Kenya,-19260.42,EATING OUT,,,,
05/06/2021,POS-Transaction MP Shah Hospital,-44781.85,SHOPPING,,,,
28/08/2020,POS-Transaction Goodlife Pharmacy,-29359.32,HEALTHCARE,,,,
07/08/2021,POS-Transaction Debonairs Pizza,-30421.07,EATING OUT,,,,
09/11/2021,POS-Transaction Debonairs Pizza,-11693.74,EATING OUT,,,,
22/06/2021,Pesalink Transaction 0100009083663-11 FT24158WQ13M,-35533.12,TRANSACTION FEES,,,,
09/07/2020,POS-Transaction Cafe Deli,-54895.51,EATING OUT,,,,
21/11/2022,POS-Transaction Text Book Centre,-51946,Entertainment,,,,
06/02/2020,POS-Transaction Chicken Inn,-18578.03,EATING OUT,,,,
21/04/2021,POS-Transaction Airtel Shop,-63573.83,AIRTIME,,,,
11/01/2021,POS-Transaction Dormans Coffee,-43708.86,EATING OUT,,,,
23/01/2021,Loan Repayment  FT24152GVCQ7,-26211.81,LOAN PAYMENTS,,,,
24/03/2020,POS-Transaction Safaricom Shop,-27.25,AIRTIME,,,,
12/03/2022,POS-Transaction ASMARA ENT KAREN FT24171LT469,-33772.19,EATING OUT,,,,
03/11/2022,POS-Transaction Bata Kenya,-11304.3,SHOPPING,,,,
04/06/2020,POS-Transaction MP Shah Hospital,-1725.31,SHOPPING,,,,
26/09/2021,POS-Transaction Netflix com Los  FT241567BP49,-32507.65,Entertainment,,,,
01/04/2020,POS-Transaction Glovo GLOVO PRIM FT241575KWF0,-35515.74,SHOPPING,,,,
06/02/2022,POS-Transaction MP Shah Hospital,-2294.92,SHOPPING,,,,
25/10/2020,POS-Transaction Chandarana Foodplus,-44412.43,SHOPPING,,,,
13/05/2020,POS-Transaction Planet Yogurt,-34885.55,EATING OUT,,,,
15/01/2022,POS-Transaction Safaricom Shop,-46441.99,AIRTIME,,,,
25/06/2020,POS-Transaction Shell Petrol Station,-3598.32,TRANSPORTATION,,,,
26/05/2022,POS-Transaction NAIVAS KINGARA R FT2416723D1N,-50379.18,SHOPPING,,,,
08/02/2020,POS-Transaction Uchumi Supermarket,-43216.01,SHOPPING,,,,
05/11/2020,POS-Transaction Little Cab,-14023.85,TRANSPORTATION,,,,
15/12/2020,POS-Transaction Java House,-13524.85,EATING OUT,,,,
06/02/2020,POS-Transaction Creamy Inn,-55346.42,EATING OUT,,,,
01/03/2022,POS-Transaction Jumia Kenya,-49096.2,SHOPPING,,,,
09/03/2020,POS-Transaction Uchumi Supermarket,-54126.63,SHOPPING,,,,
05/10/2021,POS-Transaction Java House,-52360.19,EATING OUT,,,,
06/02/2020,POS-Transaction Aga Khan Hospital,-37750.74,HEALTHCARE,,,,
16/01/2020,Mobile Banking Trnsfr,-637.64,TRANSACTION FEES,,,,
13/12/2022,POS-Transaction Planet Yogurt,-41027.12,EATING OUT,,,,
01/02/2022,POS-Transaction KFC Kenya,-13227.16,EATING OUT,,,,
23/04/2020,Pesalink Fees 0100009083663-11 FT24158WQ13M,-60817.24,TRANSACTION FEES,,,,
21/09/2020,POS-Transaction Chicken Inn,-45230.56,EATING OUT,,,,
03/09/2021,POS-Transaction Steers Kenya,-2724.64,EATING OUT,,,,
04/05/2022,POS-Transaction Planet Yogurt,-62107.29,EATING OUT,,,,
30/10/2020,Mobile Banking Trnsfr,-590.82,TRANSACTION FEES,,,,
05/07/2020,POS-Transaction Safaricom Shop,-3249.19,AIRTIME,,,,
19/03/2021,POS-Transaction KFC Kenya,-50550.79,EATING OUT,,,,
05/08/2020,POS-Transaction Text Book Centre,-54591.08,Entertainment,,,,
08/12/2021,Mobile Banking Trnsfr,-206.44,TRANSACTION FEES,,,,
06/05/2022,Account Transfer Account Transfer Glovo07JUN Glovo,-48247.13,SHOPPING,,,,
28/07/2021,POS-Transaction Planet Yogurt,-42706.93,EATING OUT,,,,
04/06/2020,POS-Transaction Cafe Deli,-64208.44,EATING OUT,,,,
21/06/2022,POS-Transaction Planet Yogurt,-51442.92,EATING OUT,,,,
10/11/2021,POS-Transaction Big Square,-50548.55,EATING OUT,,,,
07/01/2021,POS-Transaction TOTAL S S NAIROB FT24130HKXZH,-30761.9,TRANSPORTATION,,,,
08/03/2022,POS-Transaction Glovo GLOVO PRIM FT241575KWF0,-35170.62,SHOPPING,,,,
17/07/2022,POS-Transaction Little Cab,-3759.27,TRANSPORTATION,,,,
27/12/2021,POS-Transaction NAIVAS KINGARA R FT2416723D1N,-7842.68,SHOPPING,,,,
09/10/2020,POS-Transaction Little Cab,-57265.37,TRANSPORTATION,,,,
03/04/2021,POS-Transaction NAIVAS KINGARA R FT2416723D1N,-27921.22,SHOPPING,,,,
04/04/2022,POS-Transaction Chandarana Foodplus,-17596.86,SHOPPING,,,,
02/05/2022,POS-Transaction KFC Kenya,-26829.05,EATING OUT,,,,
26/10/2020,POS-Transaction Little Cab,-54324.72,TRANSPORTATION,,,,
08/11/2022,Mobile Banking Trnsfr,-84.28,TRANSACTION FEES,,,,
23/06/2020,POS-Transaction KFC Kenya,-39928.82,EATING OUT,,,,
11/01/2020,POS-Transaction Planet Yogurt,-66374.69,EATING OUT,,,,
21/12/2020,POS-Transaction Cold Stone Creamery,-48087.9,EATING OUT,,,,
08/04/2021,POS-Transaction Cafe Deli,-29512.87,EATING OUT,,,,
01/07/2022,POS-Transaction Woolworths Kenya,-45592.09,SHOPPING,,,,
28/01/2022,POS-Transaction Carrefour Kenya,-60285.59,SHOPPING,,,,
18/05/2022,POS-Transaction Chicken Inn,-30237.49,EATING OUT,,,,
10/01/2021,POS-Transaction Bata Kenya,-42464.59,SHOPPING,,,,
21/11/2021,POS-Transaction Big Square,-23228.61,EATING OUT,,,,
04/11/2020,POS-Transaction Chicken Inn,-58954.18,EATING OUT,,,,
18/05/2020,POS-Transaction Chicken Inn,-12598.22,EATING OUT,,,,
13/11/2020,POS-Transaction Chicken Inn,-51188.57,EATING OUT,,,,
28/12/2020,POS-Transaction Nairobi Hospital,-55416.68,HEALTHCARE,,,,
15/02/2020,POS-Transaction Safaricom Shop,-5915.67,AIRTIME,,,,
21/03/2022,POS-Transaction Nairobi Hospital,-30873.33,HEALTHCARE,,,,
09/11/2020,POS-Transaction Big Square,-6934.1,EATING OUT,,,,
12/10/2020,POS-Transaction Aga Khan Hospital,-9425.27,HEALTHCARE,,,,
16/11/2021,POS-Transaction Goodlife Pharmacy,-37565.3,HEALTHCARE,,,,
14/01/2020,POS-Transaction Jumia Kenya,-12378.42,SHOPPING,,,,
04/04/2020,POS-Transaction Cold Stone Creamery,-51554.91,EATING OUT,,,,
12/11/2022,POS-Transaction Kenyatta National Hospital,-45396.97,HEALTHCARE,,,,
02/06/2020,POS-Transaction Nairobi Java House,-29961.9,SHOPPING,,,,
21/08/2021,POS-Transaction Bata Kenya,-31090.52,SHOPPING,,,,
03/09/2022,POS-Transaction Uchumi Supermarket,-45781.12,SHOPPING,,,,
27/03/2021,POS-Transaction MP Shah Hospital,-38508.45,SHOPPING,,,,
24/08/2021,POS-Transaction Uber Kenya,-62164.44,TRANSPORTATION,,,,
23/04/2020,POS-Transaction Cold Stone Creamery,-64545.88,EATING OUT,,,,
16/06/2021,POS-Transaction Airtel Shop,-6270.71,AIRTIME,,,,
24/01/2021,POS-Transaction Shell Petrol Station,-21441.38,TRANSPORTATION,,,,
06/09/2022,POS-Transaction Creamy Inn,-65109.14,EATING OUT,,,,
14/03/2022,Pesalink Fees 0100009083663-11 FT24158WQ13M,-68523.34,TRANSACTION FEES,,,,
12/01/2020,POS-Transaction Uber Kenya,-41412.66,TRANSPORTATION,,,,
12/04/2020,POS-Transaction Steers Kenya,-45498.76,EATING OUT,,,,
14/09/2022,Account Transfer Account Transfer Glovo07JUN Glovo,-26486.7,SHOPPING,,,,
23/07/2020,POS-Transaction Jumia Kenya,-10618,SHOPPING,,,,
16/10/2020,POS-Transaction Planet Yogurt,-427.39,EATING OUT,,,,
06/02/2022,POS-Transaction Java House,-57684.69,EATING OUT,,,,
21/05/2022,POS-Transaction Java House,-61734.74,EATING OUT,,,,
19/03/2021,POS-Transaction Jumia Kenya,-40479.63,SHOPPING,,,,
29/10/2020,POS-Transaction Nairobi Java House,-68853.18,SHOPPING,,,,
26/04/2022,POS-Transaction Pizza Inn,-56882.33,EATING OUT,,,,
16/10/2021,POS-Transaction Aga Khan Hospital,-15335.52,HEALTHCARE,,,,
21/10/2021,POS-Transaction Nairobi Java House,-27397.66,SHOPPING,,,,
12/12/2020,POS-Transaction Kenyatta National Hospital,-28986.64,HEALTHCARE,,,,
17/02/2022,POS-Transaction KFC Kenya,-44521.96,EATING OUT,,,,
15/08/2020,POS-Transaction Masoko Kenya,-17873.86,SHOPPING,,,,
19/10/2021,POS-Transaction Airtel Shop,-25822.53,AIRTIME,,,,
05/11/2021,POS-Transaction Text Book Centre,-52623.59,Entertainment,,,,
17/03/2022,POS-Transaction Kilimall Kenya,-9541.52,SHOPPING,,,,
11/07/2020,POS-Transaction Pizza Inn,-31168.35,EATING OUT,,,,
29/03/2021,Pesalink Transaction 0100009083663-11 FT24158WQ13M,-6200.13,TRANSACTION FEES,,,,
12/04/2020,POS-Transaction Java House,-9148.08,EATING OUT,,,,
10/11/2022,POS-Transaction Shell Petrol Station,-48381.73,TRANSPORTATION,,,,
23/08/2022,POS-Transaction Nairobi Hospital,-47635.76,HEALTHCARE,,,,
07/01/2022,MPESA to Account 254725654043 FT24138WZN08,-64554.06,MPESA TRANSFERS,,,,
28/11/2022,Account Transfer Account Transfer Glovo07JUN Glovo,-65454.35,SHOPPING,,,,
06/10/2021,POS-Transaction Carrefour Kenya,-12952.97,SHOPPING,,,,
21/01/2020,POS-Transaction Airtel Shop,-67586.65,AIRTIME,,,,
12/06/2020,POS-Transaction TOTAL S S NAIROB FT24130HKXZH,-27085.01,TRANSPORTATION,,,,
06/05/2020,POS-Transaction Dormans Coffee,-20297.96,EATING OUT,,,,
25/11/2020,POS-Transaction Dormans Coffee,-10540.95,EATING OUT,,,,
01/08/2021,POS-Transaction Airtel Shop,-3648.83,AIRTIME,,,,
13/12/2020,POS-Transaction Masoko Kenya,-19270.89,SHOPPING,,,,
11/11/2021,POS-Transaction Kenyatta National Hospital,-57742.05,HEALTHCARE,,,,
18/06/2020,POS-Transaction Debonairs Pizza,-3339.87,EATING OUT,,,,
08/06/2021,POS-Transaction TOTAL S S NAIROB FT24130HKXZH,-17593.56,TRANSPORTATION,,,,
30/09/2022,POS-Transaction Nairobi Java House,-55830.57,SHOPPING,,,,
30/05/2022,Pesalink Fees 0100009083663-11 FT24158WQ13M,-15062.91,TRANSACTION FEES,,,,
21/11/2020,MPESA to Account 254725654043 FT24138WZN08,-35990.11,MPESA TRANSFERS,,,,
19/04/2021,POS-Transaction Masoko Kenya,-28965.29,SHOPPING,,,,
06/12/2021,POS-Transaction Aga Khan Hospital,-16468.44,HEALTHCARE,,,,
20/07/2021,POS-Transaction Creamy Inn,-55579.88,EATING OUT,,,,
07/08/2021,POS-Transaction Quickmart Supermarket,-48991.81,SHOPPING,,,,
15/11/2021,Account To MPESA 254725654043,-13805.91,MPESA TRANSFERS,,,,
25/10/2021,POS-Transaction Goodlife Pharmacy,-28121.44,HEALTHCARE,,,,
14/08/2020,POS-Transaction Woolworths Kenya,-2038.34,SHOPPING,,,,
14/07/2022,POS-Transaction MP Shah Hospital,-53887.81,SHOPPING,,,,
14/05/2022,POS-Transaction Chicken Inn,-63102.35,EATING OUT,,,,
20/03/2020,POS-Transaction Pizza Inn,-52643.85,EATING OUT,,,,
20/02/2021,Mobile Banking Trnsfr,-396.17,TRANSACTION FEES,,,,
18/07/2020,Loan Repayment  FT24152GVCQ7,-34940.89,LOAN PAYMENTS,,,,
02/05/2022,POS-Transaction Masoko Kenya,-16498.91,SHOPPING,,,,
25/08/2020,POS-Transaction Quickmart Supermarket,-33110.28,SHOPPING,,,,
20/02/2022,POS-Transaction Chicken Inn,-4920.37,EATING OUT,,,,
20/07/2022,POS-Transaction Creamy Inn,-59844.61,EATING OUT,,,,
22/05/2021,Loan Repayment  FT24152GVCQ7,-24059.63,LOAN PAYMENTS,,,,
15/10/2022,POS-Transaction Chicken Inn,-44164.36,EATING OUT,,,,
09/11/2021,POS-Transaction NAIVAS KINGARA R FT2416723D1N,-5821.98,SHOPPING,,,,
24/09/2021,POS-Transaction Chicken Inn,-4920.22,EATING OUT,,,,
04/07/2020,POS-Transaction Java House,-67816.54,EATING OUT,,,,
19/09/2022,POS-Transaction Chandarana Foodplus,-61204.65,SHOPPING,,,,
04/11/2022,POS-Transaction Dormans Coffee,-3798.25,EATING OUT,,,,
15/10/2022,POS-Transaction Debonairs Pizza,-25730.72,EATING OUT,,,,
21/07/2021,POS-Transaction Cold Stone Creamery,-12931.31,EATING OUT,,,,
15/03/2021,POS-Transaction Cafe Deli,-69148.45,EATING OUT,,,,
06/02/2020,POS-Transaction Steers Kenya,-25720.48,EATING OUT,,,,
23/05/2020,POS-Transaction Kenyatta National Hospital,-57823.79,HEALTHCARE,,,,
20/09/2021,POS-Transaction Java House,-68843.1,EATING OUT,,,,
12/04/2021,POS-Transaction NAIVAS KINGARA R FT2416723D1N,-17376.29,SHOPPING,,,,
11/11/2022,POS-Transaction Chicken Inn,-51781.21,EATING OUT,,,,
30/06/2020,POS-Transaction Cold Stone Creamery,-44334.6,EATING OUT,,,,
03/03/2020,POS-Transaction Dormans Coffee,-15675.5,EATING OUT,,,,
27/10/2022,POS-Transaction Debonairs Pizza,-26566.62,EATING OUT,,,,
25/02/2022,POS-Transaction Aga Khan Hospital,-37256.69,HEALTHCARE,,,,
14/07/2022,POS-Transaction Java House,-33148.35,EATING OUT,,,,
21/06/2020,POS-Transaction Cafe Deli,-1514.68,EATING OUT,,,,
17/07/2021,POS-Transaction Aga Khan Hospital,-33795.08,HEALTHCARE,,,,
17/09/2021,POS-Transaction Uchumi Supermarket,-53390.65,SHOPPING,,,,
13/10/2021,Pesalink Fees 0100009083663-11 FT24158WQ13M,-51028.79,TRANSACTION FEES,,,,
23/11/2020,POS-Transaction Dormans Coffee,-48015.22,EATING OUT,,,,
28/10/2021,POS-Transaction Shell Petrol Station,-4288.28,TRANSPORTATION,,,,
05/04/2021,POS-Transaction Safaricom Shop,-381.6,AIRTIME,,,,
19/12/2021,POS-Transaction Jumia Kenya,-69890.41,SHOPPING,,,,
03/09/2021,Mobile Banking Trnsfr,-610.51,TRANSACTION FEES,,,,
22/05/2022,POS-Transaction ASMARA ENT KAREN FT24171LT469,-43131.78,EATING OUT,,,,
08/07/2022,Pesalink Transaction 0100009083663-11 FT24158WQ13M,-12076.83,TRANSACTION FEES,,,,
05/04/2021,POS-Transaction Bata Kenya,-17781.35,SHOPPING,,,,
16/03/2021,POS-Transaction Big Square,-43887.82,EATING OUT,,,,
04/07/2020,Account To MPESA 254725654043,-32858.33,MPESA TRANSFERS,,,,
17/04/2021,MPESA to Account 254725654043 FT24138WZN08,-43173.66,MPESA TRANSFERS,,,,
25/06/2020,POS-Transaction Planet Yogurt,-60461.91,EATING OUT,,,,
13/04/2020,POS-Transaction Bata Kenya,-2645.64,SHOPPING,,,,
31/05/2021,POS-Transaction Uchumi Supermarket,-16472.28,SHOPPING,,,,
15/05/2020,Account To MPESA 254725654043,-45649.64,MPESA TRANSFERS,,,,
13/01/2020,POS-Transaction Safaricom Shop,-30437.83,AIRTIME,,,,
05/09/2021,POS-Transaction Java House,-16471.16,EATING OUT,,,,
19/09/2022,POS-Transaction Uber Kenya,-59173.63,TRANSPORTATION,,,,
14/08/2022,Account Transfer Account Transfer Glovo07JUN Glovo,-21670.1,SHOPPING,,,,
21/01/2022,POS-Transaction Spotify Stockhol FT24155TZ3WY,-31254.55,Entertainment,,,,
07/02/2022,POS-Transaction Chicken Inn,-30392.74,EATING OUT,,,,
22/07/2021,POS-Transaction Tuskys Supermarket,-7083.38,SHOPPING,,,,
15/01/2022,POS-Transaction Cafe Deli,-26268.27,EATING OUT,,,,
25/12/2020,POS-Transaction Kenyatta National Hospital,-48668.56,HEALTHCARE,,,,
20/08/2021,POS-Transaction Spotify Stockhol FT24155TZ3WY,-40351.75,Entertainment,,,,
31/03/2020,POS-Transaction Tuskys Supermarket,-53633.57,SHOPPING,,,,
03/07/2022,POS-Transaction Masoko Kenya,-10871.9,SHOPPING,,,,
16/08/2020,POS-Transaction Text Book Centre,-67981.51,Entertainment,,,,
24/05/2022,POS-Transaction Netflix com Los  FT241567BP49,-27509.45,Entertainment,,,,
16/06/2021,POS-Transaction Shell Petrol Station,-37971.2,TRANSPORTATION,,,,
09/06/2022,Account Transfer Account Transfer Glovo07JUN Glovo,-41826.13,SHOPPING,,,,
29/02/2020,POS-Transaction Planet Yogurt,-48649.68,EATING OUT,,,,
29/11/2020,POS-Transaction Shell Petrol Station,-28113.95,TRANSPORTATION,,,,
16/04/2022,Loan Repayment  FT24152GVCQ7,-27353.95,LOAN PAYMENTS,,,,
14/12/2022,POS-Transaction Planet Yogurt,-5185.76,EATING OUT,,,,
13/07/2022,POS-Transaction Big Square,-6491.13,EATING OUT,,,,
15/02/2020,Account Transfer Account Transfer Glovo07JUN Glovo,-14018.22,SHOPPING,,,,
12/06/2022,POS-Transaction Pizza Inn,-38892.39,EATING OUT,,,,
15/10/2020,POS-Transaction Debonairs Pizza,-20111,EATING OUT,,,,
16/12/2020,POS-Transaction Chicken Inn,-37906.1,EATING OUT,,,,
06/08/2022,POS-Transaction Tuskys Supermarket,-49743.13,SHOPPING,,,,
15/07/2021,POS-Transaction Steers Kenya,-1189.33,EATING OUT,,,,
02/08/2022,POS-Transaction Creamy Inn,-35225.61,EATING OUT,,,,
30/03/2021,POS-Transaction A MEDIUM CORPORA FT24171FWXN9,-58859.54,Entertainment,,,,
25/07/2021,POS-Transaction KFC Kenya,-35539.59,EATING OUT,,,,
15/09/2020,POS-Transaction Bolt Kenya,-36946.86,TRANSPORTATION,,,,
05/10/2021,POS-Transaction Chandarana Foodplus,-58946.01,SHOPPING,,,,
10/03/2022,POS-Transaction Steers Kenya,-7436.06,EATING OUT,,,,
13/12/2021,POS-Transaction Nairobi Java House,-26621.63,SHOPPING,,,,
09/08/2021,Pesalink Fees 0100009083663-11 FT24158WQ13M,-39311.22,TRANSACTION FEES,,,,
07/05/2020,POS-Transaction Safaricom Shop,-30773.9,AIRTIME,,,,
25/02/2021,POS-Transaction Pizza Inn,-60880.04,EATING OUT,,,,
26/09/2021,POS-Transaction Java House,-45913.56,EATING OUT,,,,
15/08/2021,POS-Transaction Safaricom Shop,-36962.89,AIRTIME,,,,
23/06/2020,MPESA to Account 254725654043 FT24138WZN08,-4274.35,MPESA TRANSFERS,,,,
26/01/2022,POS-Transaction Artcaffe,-40087.11,EATING OUT,,,,
25/10/2021,POS-Transaction Bata Kenya,-6226.15,SHOPPING,,,,
16/03/2020,POS-Transaction Airtel Shop,-64915.98,AIRTIME,,,,
17/06/2020,POS-Transaction Little Cab,-49152.92,TRANSPORTATION,,,,
01/01/2020,POS-Transaction Steers Kenya,-8003.99,EATING OUT,,,,
25/11/2020,POS-Transaction Carrefour Kenya,-44588.51,SHOPPING,,,,
31/10/2022,POS-Transaction Big Square,-14900.16,EATING OUT,,,,
07/05/2021,POS-Transaction Chicken Inn,-1258.3,EATING OUT,,,,
15/05/2020,POS-Transaction Cafe Deli,-45027.04,EATING OUT,,,,
01/06/2020,POS-Transaction Steers Kenya,-42983.49,EATING OUT,,,,
04/09/2020,POS-Transaction MP Shah Hospital,-29010.36,SHOPPING,,,,
19/08/2022,Pesalink Transaction 0100009083663-11 FT24158WQ13M,-64233.56,TRANSACTION FEES,,,,
15/08/2022,POS-Transaction Chandarana Foodplus,-58814.66,SHOPPING,,,,
17/11/2021,POS-Transaction Chandarana Foodplus,-42476.62,SHOPPING,,,,
25/09/2020,POS-Transaction Cold Stone Creamery,-49123.98,EATING OUT,,,,
11/06/2022,Pesalink Fees 0100009083663-11 FT24158WQ13M,-26185.54,TRANSACTION FEES,,,,
11/06/2020,POS-Transaction A MEDIUM CORPORA FT24171FWXN9,-41716.03,Entertainment,,,,
14/07/2020,POS-Transaction ASMARA ENT KAREN FT24171LT469,-44594.54,EATING OUT,,,,
03/09/2020,POS-Transaction ASMARA ENT KAREN FT24171LT469,-54078.08,EATING OUT,,,,
30/06/2020,POS-Transaction Nairobi Hospital,-58656.1,HEALTHCARE,,,,
30/06/2020,POS-Transaction Artcaffe,-23087.94,EATING OUT,,,,
13/01/2021,POS-Transaction Cold Stone Creamery,-44256.39,EATING OUT,,,,
17/10/2020,POS-Transaction Little Cab,-2334.82,TRANSPORTATION,,,,
09/01/2021,POS-Transaction Bata Kenya,-50841.95,SHOPPING,,,,
12/04/2022,POS-Transaction Java House,-62184.18,EATING OUT,,,,
24/05/2020,Pesalink Transaction 0100009083663-11 FT24158WQ13M,-20047.95,TRANSACTION FEES,,,,
23/05/2020,POS-Transaction Carrefour Kenya,-21397.16,SHOPPING,,,,
07/08/2021,POS-Transaction Nairobi Java House,-3520.5,SHOPPING,,,,
10/02/2021,POS-Transaction Nairobi Hospital,-39561.53,HEALTHCARE,,,,
09/03/2020,MPESA to Account 254725654043 FT24138WZN08,-21808.26,MPESA TRANSFERS,,,,
12/05/2021,POS-Transaction Dormans Coffee,-62034.13,EATING OUT,,,,
27/04/2021,POS-Transaction Planet Yogurt,-63891.48,EATING OUT,,,,
12/01/2022,POS-Transaction ASMARA ENT KAREN FT24171LT469,-19118.5,EATING OUT,,,,
12/03/2022,POS-Transaction Big Square,-67575.98,EATING OUT,,,,
31/05/2021,POS-Transaction Goodlife Pharmacy,-2949.26,HEALTHCARE,,,,
25/11/2022,POS-Transaction Nairobi Hospital,-40730.92,HEALTHCARE,,,,
01/12/2022,POS-Transaction Bolt Kenya,-42548.93,TRANSPORTATION,,,,
28/12/2020,POS-Transaction Bata Kenya,-65724.94,SHOPPING,,,,
02/04/2020,POS-Transaction Big Square,-63012.29,EATING OUT,,,,
25/02/2020,POS-Transaction Nairobi Java House,-69491.7,SHOPPING,,,,
30/08/2021,POS-Transaction Kenyatta National Hospital,-11240.77,HEALTHCARE,,,,
29/05/2021,POS-Transaction Kilimall Kenya,-10841.41,SHOPPING,,,,
25/04/2020,Account To MPESA 254725654043,-18086.35,MPESA TRANSFERS,,,,
18/01/2022,Loan Repayment  FT24152GVCQ7,-16481.82,LOAN PAYMENTS,,,,
08/07/2020,POS-Transaction Kenyatta National Hospital,-59776.11,HEALTHCARE,,,,
10/02/2020,POS-Transaction Debonairs Pizza,-61869.04,EATING OUT,,,,
13/06/2022,Pesalink Transaction 0100009083663-11 FT24158WQ13M,-29554.67,TRANSACTION FEES,,,,
06/05/2022,POS-Transaction MP Shah Hospital,-2862.23,SHOPPING,,,,
08/10/2022,POS-Transaction KFC Kenya,-18048.93,EATING OUT,,,,
25/11/2020,POS-Transaction Safaricom Shop,-42431.21,AIRTIME,,,,
01/02/2020,POS-Transaction Jumia Kenya,-49259.51,SHOPPING,,,,
24/04/2021,POS-Transaction A MEDIUM CORPORA FT24171FWXN9,-59132.4,Entertainment,,,,
31/05/2022,POS-Transaction Chandarana Foodplus,-12945.53,SHOPPING,,,,
06/04/2022,POS-Transaction Artcaffe,-59992.54,EATING OUT,,,,
01/06/2022,POS-Transaction A MEDIUM CORPORA FT24171FWXN9,-872.97,Entertainment,,,,
25/03/2021,Account Transfer Account Transfer Glovo07JUN Glovo,-30043.78,SHOPPING,,,,
20/03/2020,POS-Transaction Planet Yogurt,-50982.21,EATING OUT,,,,
18/02/2020,POS-Transaction Pizza Inn,-54918.26,EATING OUT,,,,
13/06/2020,POS-Transaction Planet Yogurt,-29378.06,EATING OUT,,,,
15/04/2020,POS-Transaction Chicken Inn,-10191.22,EATING OUT,,,,
10/09/2021,Account To MPESA 254725654043,-14472.15,MPESA TRANSFERS,,,,
27/01/2020,POS-Transaction Java House,-22404.55,EATING OUT,,,,
16/05/2020,Inward Clg EFT  FT24152P7SHF,,DEPOSIT,,,,
12/07/2022,POS-Transaction Quickmart Supermarket,-45673.67,SHOPPING,,,,
16/11/2021,POS-Transaction Pizza Inn,-32715.81,EATING OUT,,,,
14/12/2021,POS-Transaction Creamy Inn,-52596.2,EATING OUT,,,,
04/03/2022,POS-Transaction Airtel Shop,-69876.1,AIRTIME,,,,
10/03/2020,MPESA to Account 254725654043 FT24138WZN08,-56569.83,MPESA TRANSFERS,,,,
18/10/2020,POS-Transaction Quickmart Supermarket,-2112.59,SHOPPING,,,,
19/04/2021,Account Transfer Account Transfer Glovo07JUN Glovo,-34201.57,SHOPPING,,,,
23/07/2020,POS-Transaction Aga Khan Hospital,-50757.92,HEALTHCARE,,,,
04/10/2022,POS-Transaction Chicken Inn,-47314.56,EATING OUT,,,,
12/12/2021,POS-Transaction Tuskys Supermarket,-42205.63,SHOPPING,,,,
02/05/2020,POS-Transaction Uchumi Supermarket,-29132.37,SHOPPING,,,,
08/10/2022,POS-Transaction Planet Yogurt,-5540.99,EATING OUT,,,,
15/09/2021,Account Transfer Account Transfer Glovo07JUN Glovo,-23710.1,SHOPPING,,,,
13/01/2021,POS-Transaction Nairobi Java House,-27300.24,SHOPPING,,,,
15/07/2021,POS-Transaction Little Cab,-24881.67,TRANSPORTATION,,,,
08/03/2021,POS-Transaction Debonairs Pizza,-534.06,EATING OUT,,,,
25/10/2021,POS-Transaction Carrefour Kenya,-60674.86,SHOPPING,,,,
25/07/2021,POS-Transaction Nairobi Java House,-67041.38,SHOPPING,,,,
22/04/2022,POS-Transaction Glovo GLOVO PRIM FT241575KWF0,-38203.62,SHOPPING,,,,
27/08/2021,POS-Transaction MP Shah Hospital,-22693.67,SHOPPING,,,,
23/10/2020,POS-Transaction Steers Kenya,-24200.58,EATING OUT,,,,
04/10/2020,POS-Transaction Glovo GLOVO PRIM FT241575KWF0,-66892.9,SHOPPING,,,,
09/12/2022,POS-Transaction Planet Yogurt,-9203.66,EATING OUT,,,,
29/01/2020,POS-Transaction Woolworths Kenya,-51583.74,SHOPPING,,,,
11/04/2022,POS-Transaction TOTAL S S NAIROB FT24130HKXZH,-57001.55,TRANSPORTATION,,,,
08/11/2022,POS-Transaction Safaricom Shop,-34318.64,AIRTIME,,,,
17/11/2020,Mobile Banking Trnsfr,-76.1,TRANSACTION FEES,,,,
16/11/2022,POS-Transaction Kilimall Kenya,-24172.45,SHOPPING,,,,
03/07/2020,POS-Transaction Netflix com Los  FT241567BP49,-62484.67,Entertainment,,,,
11/10/2020,POS-Transaction Big Square,-41466.02,EATING OUT,,,,
31/12/2021,POS-Transaction Safaricom Shop,-11556.58,AIRTIME,,,,
13/04/2021,POS-Transaction Dormans Coffee,-58467.2,EATING OUT,,,,
04/03/2022,MPESA to Account 254725654043 FT24138WZN08,-17397.31,MPESA TRANSFERS,,,,
09/07/2021,POS-Transaction Jumia Kenya,-10651.64,SHOPPING,,,,
01/01/2022,POS-Transaction Dormans Coffee,-42380.12,EATING OUT,,,,
25/11/2021,Inward Clg EFT  FT24152P7SHF,,DEPOSIT,,,,
24/07/2021,POS-Transaction Debonairs Pizza,-38069.03,EATING OUT,,,,
06/06/2020,POS-Transaction Big Square,-35120.48,EATING OUT,,,,
01/07/2021,POS-Transaction Chicken Inn,-43199.31,EATING OUT,,,,
26/04/2022,POS-Transaction Planet Yogurt,-7532.96,EATING OUT,,,,
08/03/2022,POS-Transaction ASMARA ENT KAREN FT24171LT469,-54313.94,EATING OUT,,,,
11/09/2021,POS-Transaction Cold Stone Creamery,-14978.26,EATING OUT,,,,
19/03/2020,POS-Transaction Big Square,-61018.29,EATING OUT,,,,
06/09/2022,POS-Transaction Uchumi Supermarket,-46033.82,SHOPPING,,,,
20/03/2021,POS-Transaction Goodlife Pharmacy,-59908.87,HEALTHCARE,,,,
10/04/2022,POS-Transaction Uber Kenya,-4328.34,TRANSPORTATION,,,,
19/03/2022,POS-Transaction Netflix com Los  FT241567BP49,-19168.13,Entertainment,,,,
17/03/2022,POS-Transaction Artcaffe,-32414.46,EATING OUT,,,,
19/06/2022,POS-Transaction Nairobi Java House,-23427.72,SHOPPING,,,,
05/04/2021,POS-Transaction Woolworths Kenya,-63599.89,SHOPPING,,,,
22/01/2021,POS-Transaction Bolt Kenya,-43201.28,TRANSPORTATION,,,,
17/05/2021,Inward Clg EFT  FT24152P7SHF,,DEPOSIT,,,,
04/02/2020,Account Transfer Account Transfer Glovo07JUN Glovo,-35461.79,SHOPPING,,,,
02/06/2021,POS-Transaction Debonairs Pizza,-30607.91,EATING OUT,,,,
08/02/2021,Loan Repayment  FT24152GVCQ7,-28154.66,LOAN PAYMENTS,,,,
10/11/2022,POS-Transaction Dormans Coffee,-15220.26,EATING OUT,,,,
05/08/2021,POS-Transaction Pizza Inn,-55457.71,EATING OUT,,,,
08/11/2021,POS-Transaction Nairobi Java House,-64466.46,SHOPPING,,,,
09/11/2021,ATM Withdrawal,,ATM WITHDRAWALS,,,,
10/11/2021,Kenya Airways,,TRAVEL,,,,
11/11/2021,ETHIOPIAN AIRLINES,,TRAVEL,,,,
